VendorID,tpep_pickup_datetime,tpep_dropoff_datetime,passenger_count,trip_distance,RatecodeID,store_and_fwd_flag,PULocationID,DOLocationID,payment_type,fare_amount,extra,mta_tax,tip_amount,tolls_amount,improvement_surcharge,total_amount,congestion_surcharge
2,2019-01-01 00:43:59,2019-01-01 00:49:31,1,1.05,1,N,79,148,1,6,0.5,0.5,1.46,0,0.3,8.76,
2,2019-01-01 00:53:09,2019-01-01 01:01:16,1,1.91,1,N,148,137,2,8.5,0.5,0.5,0,0,0.3,9.8,
1,2019-01-01 00:28:52,2019-01-01 01:01:14,1,6.00,1,N,48,209,2,25,0.5,0.5,0,0,0.3,26.3,
2,2019-01-01 00:18:15,2019-01-01 00:32:11,1,7.08,1,N,132,28,2,20.5,0.5,0.5,0,0,0.3,21.8,
1,2019-01-01 00:22:08,2019-01-01 00:35:02,2,1.70,1,N,143,237,1,9.5,0.5,0.5,2,0,0.3,12.8,
2,2019-01-01 00:22:20,2019-01-01 00:29:00,1,.65,1,N,234,170,1,6,0.5,0.5,1,0,0.3,8.3,
2,2019-01-01 00:47:45,2019-01-01 01:06:03,1,1.13,1,N,50,68,2,11,0.5,0.5,0,0,0.3,12.3,
2,2019-01-01 00:24:10,2019-01-01 00:40:31,3,2.73,1,N,161,236,2,13.5,0.5,0.5,0,0,0.3,14.8,
2,2019-01-01 00:48:26,2019-01-01 00:50:13,3,.33,1,N,162,229,1,3.5,0.5,0.5,1,0,0.3,5.8,
2,2019-01-01 00:25:06,2019-01-01 01:02:24,1,8.30,1,N,161,37,2,31,0.5,0.5,0,5.76,0.3,38.06,
1,2019-01-01 00:18:20,2019-01-01 00:49:27,4,3.80,1,N,144,237,1,20,0.5,0.5,4.26,0,0.3,25.56,
1,2019-01-01 00:50:50,2019-01-01 00:58:38,3,1.80,1,N,237,236,1,8,0.5,0.5,2.3,0,0.3,11.6,
2,2019-01-01 00:26:33,2019-01-01 01:00:09,2,2.44,1,N,68,100,1,20.5,0.5,0.5,6.54,0,0.3,28.34,
2,2019-01-01 00:42:18,2019-01-01 00:49:07,1,.75,1,N,113,249,1,6,0.5,0.5,1.1,0,0.3,8.4,
2,2019-01-01 00:50:24,2019-01-01 00:59:03,1,1.10,1,N,249,249,1,7.5,0.5,0.5,1.76,0,0.3,10.56,
2,2019-01-01 00:38:07,2019-01-01 00:51:56,2,3.29,1,N,141,166,2,12.5,0.5,0.5,0,0,0.3,13.8,
2,2019-01-01 00:53:15,2019-01-01 01:07:33,1,3.06,1,N,24,262,1,12.5,0.5,0.5,0,0,0.3,13.8,
1,2019-01-01 00:06:10,2019-01-01 00:12:42,1,.90,1,N,114,114,1,6,0.5,0.5,1.45,0,0.3,8.75,
1,2019-01-01 00:16:34,2019-01-01 00:36:24,1,2.40,1,N,114,246,1,14.5,0.5,0.5,3.15,0,0.3,18.95,
1,2019-01-01 00:45:24,2019-01-01 01:08:54,2,5.70,1,N,68,75,2,20,0.5,0.5,0,0,0.3,21.3,
1,2019-01-01 00:09:11,2019-01-01 00:48:23,2,4.70,1,N,45,48,1,25,0.5,0.5,5.25,0,0.3,31.55,
1,2019-01-01 00:56:24,2019-01-01 01:34:36,4,4.30,1,N,48,229,2,24.5,0.5,0.5,0,0,0.3,25.8,
1,2019-01-01 00:18:49,2019-01-01 00:27:26,1,1.70,1,N,231,79,1,8,0.5,0.5,1.85,0,0.3,11.15,
1,2019-01-01 00:47:22,2019-01-01 01:01:52,1,5.80,1,N,231,112,1,18.5,0.5,0.5,3.95,0,0.3,23.75,
2,2019-01-01 00:32:42,2019-01-01 00:50:16,1,3.48,1,N,79,87,2,14,0.5,0.5,0,0,0.3,15.3,
1,2019-01-01 00:33:43,2019-01-01 00:50:22,2,1.60,1,N,234,161,1,11.5,0.5,0.5,0,0,0.3,12.8,
1,2019-01-01 00:20:30,2019-01-01 00:36:46,2,2.50,1,N,113,229,1,12,0.5,0.5,0.67,0,0.3,13.97,
1,2019-01-01 00:43:25,2019-01-01 00:46:40,2,.90,1,N,141,263,2,5,0.5,0.5,0,0,0.3,6.3,
1,2019-01-01 00:48:56,2019-01-01 00:53:03,1,.60,1,N,263,262,1,4.5,0.5,0.5,1,0,0.3,6.8,
2,2019-01-01 00:29:58,2019-01-01 00:39:54,1,2.27,1,N,141,43,1,9.5,0.5,0.5,2.5,0,0.3,13.3,
2,2019-01-01 00:46:30,2019-01-01 00:50:03,3,.58,1,N,236,236,1,4.5,0.5,0.5,1.74,0,0.3,7.54,
2,2019-01-01 00:51:51,2019-01-01 00:59:13,1,1.07,1,N,236,263,2,6.5,0.5,0.5,0,0,0.3,7.8,
2,2019-01-01 00:09:58,2019-01-01 00:25:43,1,2.31,1,N,114,170,1,11.5,0.5,0.5,2.56,0,0.3,15.36,
2,2019-01-01 00:35:22,2019-01-01 00:49:06,1,1.93,1,N,162,142,2,11,0.5,0.5,0,0,0.3,12.3,
2,2019-01-01 00:51:00,2019-01-01 01:10:04,1,3.68,1,N,142,116,1,15.5,0.5,0.5,5.04,0,0.3,21.84,
2,2019-01-01 00:20:58,2019-01-01 00:52:54,4,2.39,1,N,249,100,2,19.5,0.5,0.5,0,0,0.3,20.8,
2,2019-01-01 00:56:57,2019-01-01 01:17:54,4,3.07,1,N,68,239,1,14.5,0.5,0.5,3.95,0,0.3,19.75,
1,2019-01-01 00:24:42,2019-01-01 00:27:35,1,.50,1,N,238,238,1,4,0.5,0.5,1.05,0,0.3,6.35,
1,2019-01-01 00:28:55,2019-01-01 00:35:24,1,1.10,1,N,238,239,2,6.5,0.5,0.5,0,0,0.3,7.8,
1,2019-01-01 00:37:14,2019-01-01 00:39:47,1,.90,1,N,239,238,1,5,0.5,0.5,1.25,0,0.3,7.55,
1,2019-01-01 00:41:46,2019-01-01 00:46:23,1,1.20,1,N,238,239,2,6,0.5,0.5,0,0,0.3,7.3,
1,2019-01-01 00:48:54,2019-01-01 00:54:25,1,1.20,1,N,239,238,2,6.5,0.5,0.5,0,0,0.3,7.8,
1,2019-01-01 00:57:44,2019-01-01 01:02:11,1,1.30,1,N,238,143,2,6,0.5,0.5,0,0,0.3,7.3,
1,2019-01-01 00:12:25,2019-01-01 00:27:52,1,.90,1,N,107,90,1,10.5,0.5,0.5,2.35,0,0.3,14.15,
1,2019-01-01 00:38:00,2019-01-01 01:39:59,3,10.70,1,N,125,238,2,46,0.5,0.5,0,0,0.3,47.3,
2,2019-01-01 00:11:09,2019-01-01 00:24:39,1,4.21,1,N,170,238,1,14,0.5,0.5,3.82,0,0.3,19.12,
2,2019-01-01 00:27:36,2019-01-01 00:31:29,1,1.14,1,N,238,143,1,5.5,0.5,0.5,1.02,0,0.3,7.82,
2,2019-01-01 00:34:39,2019-01-01 00:53:43,2,4.77,1,N,143,231,1,17,0.5,0.5,6.95,0,0.3,25.25,
2,2019-01-01 00:56:24,2019-01-01 01:00:58,2,.53,1,N,231,211,1,4.5,0.5,0.5,1.74,0,0.3,7.54,
2,2019-01-01 00:08:44,2019-01-01 00:15:12,1,1.68,1,N,141,75,2,7.5,0.5,0.5,0,0,0.3,8.8,
2,2019-01-01 00:21:02,2019-01-01 00:26:31,1,.73,1,N,263,236,2,5.5,0.5,0.5,0,0,0.3,6.8,
2,2019-01-01 00:29:58,2019-01-01 00:33:39,1,.78,1,N,236,263,1,5,0.5,0.5,1.26,0,0.3,7.56,
2,2019-01-01 00:42:07,2019-01-01 00:57:51,1,6.33,1,N,263,244,1,19.5,0.5,0.5,4,0,0.3,24.8,
2,2019-01-01 01:00:57,2019-01-01 01:07:52,1,1.25,1,N,244,243,2,7,0.5,0.5,0,0,0.3,8.3,
2,2019-01-01 00:04:03,2019-01-01 00:27:24,1,3.83,1,N,144,50,1,17,0.5,0.5,2,0,0.3,20.3,
2,2019-01-01 00:30:35,2019-01-01 00:43:22,1,1.88,1,N,143,238,1,10,0.5,0.5,3.39,0,0.3,14.69,
2,2019-01-01 00:46:24,2019-01-01 00:50:30,1,.81,1,N,238,151,1,5,0.5,0.5,1,0,0.3,7.3,
2,2019-01-01 00:55:05,2019-01-01 00:58:02,1,.60,1,N,151,151,1,4,0.5,0.5,0.8,0,0.3,6.1,
2,2019-01-01 01:01:04,2019-01-01 01:06:10,1,1.43,1,N,238,166,1,6.5,0.5,0.5,2.34,0,0.3,10.14,
1,2019-01-01 00:24:21,2019-01-01 00:52:54,1,20.90,1,N,132,66,1,55.5,0.5,0.5,11.35,0,0.3,68.15,
1,2019-01-01 00:54:27,2019-01-01 01:06:07,2,1.80,1,N,66,25,2,9.5,0.5,0.5,0,0,0.3,10.8,
2,2019-01-01 00:24:22,2019-01-01 00:50:58,1,2.93,1,N,249,229,1,17.5,0.5,0.5,3.76,0,0.3,22.56,
2,2019-01-01 00:31:34,2019-01-01 00:59:20,2,2.05,1,N,107,48,1,17,0.5,0.5,3.66,0,0.3,21.96,
1,2019-01-01 00:45:20,2019-01-01 01:36:39,3,27.20,2,N,132,13,1,52,0,0.5,5,5.76,0.3,63.56,
1,2019-01-01 00:29:27,2019-01-01 00:39:14,2,2.30,1,N,148,170,1,9.5,0.5,0.5,3.2,0,0.3,14,
1,2019-01-01 00:44:57,2019-01-01 01:13:16,1,8.40,1,N,234,129,2,28,0.5,0.5,0,5.76,0.3,35.06,
2,2019-01-01 00:23:09,2019-01-01 01:28:22,1,8.68,1,N,164,79,1,44.5,0.5,0.5,9.16,0,0.3,54.96,
2,2019-01-01 00:16:53,2019-01-01 00:44:39,2,4.46,1,N,234,249,1,20,0.5,0.5,0,0,0.3,21.3,
2,2019-01-01 00:46:16,2019-01-01 00:51:42,2,.69,1,N,249,249,1,5,0.5,0.5,1.26,0,0.3,7.56,
2,2019-01-01 00:07:49,2019-01-01 00:15:42,5,1.85,1,N,236,239,1,8,0.5,0.5,1.86,0,0.3,11.16,
2,2019-01-01 00:18:22,2019-01-01 00:54:54,5,5.68,1,N,239,79,1,27,0.5,0.5,7.08,0,0.3,35.38,
2,2019-01-01 00:56:41,2019-01-01 01:05:59,5,2.03,1,N,79,261,2,9,0.5,0.5,0,0,0.3,10.3,
1,2019-01-01 00:31:12,2019-01-01 00:43:27,1,1.10,1,N,234,107,2,9,0.5,0.5,0,0,0.3,10.3,
1,2019-01-01 00:56:27,2019-01-01 01:16:14,1,5.20,1,N,264,74,2,17.5,0.5,0.5,0,0,0.3,18.8,
2,2019-01-01 00:06:08,2019-01-01 00:14:45,1,.95,1,N,161,43,1,7,0.5,0.5,2.49,0,0.3,10.79,
2,2019-01-01 00:16:00,2019-01-01 00:23:09,1,1.98,1,N,163,263,1,7.5,0.5,0.5,2,0,0.3,10.8,
2,2019-01-01 00:24:30,2019-01-01 00:27:58,1,1.30,1,N,262,75,1,5.5,0.5,0.5,0.2,0,0.3,7,
2,2019-01-01 00:34:33,2019-01-01 00:38:23,1,.88,1,N,263,263,2,5,0.5,0.5,0,0,0.3,6.3,
2,2019-01-01 00:40:14,2019-01-01 00:53:00,1,2.41,1,N,263,143,1,11,0.5,0.5,4,0,0.3,16.3,
2,2019-01-01 00:53:41,2019-01-01 01:25:04,1,7.53,1,N,143,173,2,26.5,0.5,0.5,0,0,0.3,27.8,
2,2019-01-01 00:30:55,2019-01-01 00:41:51,1,1.61,1,N,170,229,2,9,0.5,0.5,0,0,0.3,10.3,
2,2019-01-01 00:43:53,2019-01-01 00:57:54,1,2.38,1,N,229,142,2,11.5,0.5,0.5,0,0,0.3,12.8,
2,2019-01-01 00:19:37,2019-01-01 00:49:36,1,9.81,1,N,68,228,1,31.5,0.5,0.5,9.84,0,0.3,42.64,
2,2019-01-01 00:57:02,2019-01-01 02:05:25,1,14.06,1,N,228,226,1,51,0.5,0.5,0,0,0.3,52.3,
2,2019-01-01 00:07:09,2019-01-01 00:15:32,4,.90,1,N,163,162,1,7,0.5,0.5,2.49,0,0.3,10.79,
2,2019-01-01 00:31:09,2019-01-01 00:49:26,4,5.87,1,N,236,232,1,19,0.5,0.5,3.04,0,0.3,23.34,
2,2019-01-01 00:19:03,2019-01-01 00:39:35,2,13.47,1,N,138,181,2,37,0.5,0.5,0,0,0.3,38.3,
2,2019-01-01 00:56:58,2019-01-01 01:08:13,2,3.87,1,N,261,79,2,13,0.5,0.5,0,0,0.3,14.3,
2,2019-01-01 00:09:55,2019-01-01 00:14:05,1,.90,1,N,263,140,2,5,0.5,0.5,0,0,0.3,6.3,
2,2019-01-01 00:16:51,2019-01-01 00:22:51,1,1.10,1,N,140,229,2,6.5,0.5,0.5,0,0,0.3,7.8,
2,2019-01-01 00:28:40,2019-01-01 00:36:40,1,.56,1,N,162,161,1,6.5,0.5,0.5,1.56,0,0.3,9.36,
2,2019-01-01 00:41:09,2019-01-01 01:05:31,1,1.78,1,N,230,50,1,15,0.5,0.5,2,0,0.3,18.3,
1,2019-01-01 00:25:14,2019-01-01 00:36:32,2,1.50,1,N,231,79,1,9,0.5,0.5,1,0,0.3,11.3,
1,2019-01-01 00:22:28,2019-01-01 00:38:44,2,3.20,1,N,235,42,1,13.5,0.5,0.5,0,0,0.3,14.8,
1,2019-01-01 00:58:05,2019-01-01 01:18:42,3,2.90,1,N,237,48,1,15,0.5,0.5,3.25,0,0.3,19.55,
1,2019-01-01 00:10:23,2019-01-01 00:17:32,1,1.10,1,N,144,232,2,7,0.5,0.5,0,0,0.3,8.3,
1,2019-01-01 00:23:49,2019-01-01 00:43:09,2,4.60,1,N,79,263,2,16.5,0.5,0.5,0,0,0.3,17.8,
1,2019-01-01 00:46:35,2019-01-01 00:52:37,1,1.00,1,N,263,140,1,6.5,0.5,0.5,1,0,0.3,8.8,
1,2019-01-01 00:43:21,2019-01-01 01:14:01,1,17.70,1,N,132,147,2,48,0.5,0.5,0,5.76,0.3,55.06,
1,2019-01-01 00:35:08,2019-01-01 00:42:20,1,.70,1,N,162,170,1,6,0.5,0.5,4,0,0.3,11.3,
1,2019-01-01 00:56:09,2019-01-01 01:01:53,3,.80,1,N,164,170,1,5.5,0.5,0.5,1.35,0,0.3,8.15,
2,2019-01-01 00:35:45,2019-01-01 00:39:38,2,.74,1,N,237,162,2,5,0.5,0.5,0,0,0.3,6.3,
2,2019-01-01 00:10:25,2019-01-01 00:23:55,2,5.28,1,N,87,162,1,17,0.5,0.5,3.66,0,0.3,21.96,
2,2019-01-01 00:26:16,2019-01-01 00:32:44,3,.73,1,N,170,162,2,6,0.5,0.5,0,0,0.3,7.3,
2,2019-01-01 00:40:35,2019-01-01 00:42:33,3,.31,1,N,137,137,2,3.5,0.5,0.5,0,0,0.3,4.8,
2,2019-01-01 00:45:54,2019-01-02 00:42:33,2,1.71,1,N,137,68,2,12.5,0.5,0.5,0,0,0.3,13.8,
2,2019-01-01 00:23:11,2019-01-01 00:23:25,1,.34,5,N,265,265,1,160,0,0,25,0,0.3,185.3,
2,2019-01-01 00:26:24,2019-01-01 00:35:53,1,2.51,1,N,162,238,1,10,0.5,0.5,1.5,0,0.3,12.8,
2,2019-01-01 00:38:52,2019-01-01 00:43:46,1,.93,1,N,43,236,2,5.5,0.5,0.5,0,0,0.3,6.8,
2,2019-01-01 00:46:37,2019-01-02 00:29:38,2,16.48,1,N,236,165,2,48,0.5,0.5,0,0,0.3,49.3,
2,2019-01-01 00:06:36,2019-01-01 00:20:12,1,1.94,1,N,113,137,2,10.5,0.5,0.5,0,0,0.3,11.8,
2,2019-01-01 00:21:11,2019-01-01 00:33:26,1,4.14,1,N,137,45,1,14.5,0.5,0.5,5,0,0.3,20.8,
2,2019-01-01 00:36:05,2019-01-01 00:46:09,1,1.11,1,N,144,232,1,8,0.5,0.5,1.86,0,0.3,11.16,
2,2019-01-01 00:52:19,2019-01-01 01:30:47,1,6.23,1,N,79,198,2,27,0.5,0.5,0,0,0.3,28.3,
2,2019-01-01 00:20:16,2019-01-01 00:24:14,4,.49,1,N,79,148,2,4.5,0.5,0.5,0,0,0.3,5.8,
2,2019-01-01 00:29:03,2019-01-01 00:36:13,3,.78,1,N,144,148,1,6.5,0.5,0.5,2.34,0,0.3,10.14,
2,2019-01-01 00:40:22,2019-01-01 00:45:54,2,1.26,1,N,148,79,1,6,0.5,0.5,1.46,0,0.3,8.76,
2,2019-01-01 00:49:31,2019-01-01 00:59:55,4,1.94,1,N,79,162,1,9,0.5,0.5,3.09,0,0.3,13.39,
2,2019-01-01 00:37:37,2019-01-01 00:47:33,1,1.02,1,N,234,233,1,7.5,0.5,0.5,2,0,0.3,10.8,
2,2019-01-01 00:53:47,2019-01-01 00:59:37,1,1.28,1,N,233,237,1,6.5,0.5,0.5,1.56,0,0.3,9.36,
2,2019-01-01 00:19:52,2019-01-01 00:27:25,1,1.18,1,N,164,68,1,7,0.5,0.5,1.66,0,0.3,9.96,
2,2019-01-01 00:29:10,2019-01-01 00:33:24,1,.20,1,N,68,68,1,4.5,0.5,0.5,1.16,0,0.3,6.96,
2,2019-01-01 00:53:40,2019-01-01 01:06:53,1,2.31,1,N,68,231,1,10.5,0.5,0.5,2.36,0,0.3,14.16,
1,2019-01-01 00:18:31,2019-01-01 00:31:37,1,3.10,1,N,141,41,3,12,0.5,0.5,0,0,0.3,13.3,
1,2019-01-01 00:33:20,2019-01-01 00:39:40,1,1.00,1,N,41,42,1,6,0.5,0.5,1.5,0,0.3,8.8,
1,2019-01-01 00:47:19,2019-01-01 01:00:11,1,2.20,1,N,41,152,2,10.5,0.5,0.5,0,0,0.3,11.8,
1,2019-01-01 00:12:15,2019-01-01 00:15:40,1,.20,1,N,68,246,1,4,0.5,0.5,1.05,0,0.3,6.35,
1,2019-01-01 00:18:58,2019-01-01 00:37:39,2,1.90,1,N,246,170,1,12.5,0.5,0.5,2.75,0,0.3,16.55,
2,2019-01-01 00:38:33,2019-01-01 00:54:00,1,3.08,1,N,161,239,1,12.5,0.5,0.5,2.76,0,0.3,16.56,
2,2019-01-01 00:56:25,2019-01-01 01:07:02,1,1.73,1,N,239,236,2,9,0.5,0.5,0,0,0.3,10.3,
2,2019-01-01 01:11:04,2019-01-01 01:29:03,1,3.66,1,N,236,152,1,15,0.5,0.5,4.89,0,0.3,21.19,
1,2019-01-01 00:09:23,2019-01-01 00:28:09,2,3.90,1,N,164,146,1,16,0.5,0.5,3.46,0,0.3,20.76,
1,2019-01-01 00:36:12,2019-01-01 00:44:19,2,1.00,1,N,237,141,1,7,0.5,0.5,20,0,0.3,28.3,
1,2019-01-01 00:48:08,2019-01-01 00:54:20,1,1.20,1,N,237,262,1,6.5,0.5,0.5,1.5,0,0.3,9.3,
1,2019-01-01 00:58:42,2019-01-01 01:15:54,1,4.40,1,N,263,107,1,16.5,0.5,0.5,1.25,0,0.3,19.05,
2,2019-01-01 00:10:06,2019-01-01 00:28:10,2,2.53,1,N,68,162,2,12.5,0.5,0.5,0,0,0.3,13.8,
2,2019-01-01 00:36:51,2019-01-01 00:41:27,1,.87,1,N,161,237,2,5.5,0.5,0.5,0,0,0.3,6.8,
2,2019-01-01 00:42:47,2019-01-01 00:50:47,1,1.57,1,N,237,239,2,8,0.5,0.5,0,0,0.3,9.3,
2,2019-01-01 00:53:03,2019-01-01 00:57:32,2,.63,1,N,239,142,1,5,0.5,0.5,1.58,0,0.3,7.88,
2,2019-01-01 00:58:21,2019-01-01 01:11:26,1,3.20,1,N,142,145,1,12.5,0.5,0.5,1.38,0,0.3,15.18,
1,2019-01-01 00:40:18,2019-01-01 00:52:55,1,1.10,1,N,163,48,2,9,0.5,0.5,0,0,0.3,10.3,
2,2019-01-01 00:18:49,2019-01-01 00:48:13,3,6.01,1,N,48,88,2,23.5,0.5,0.5,0,0,0.3,24.8,
2,2019-01-01 00:52:23,2019-01-01 00:59:58,1,1.58,1,N,87,211,1,7,0.5,0.5,1.41,0,0.3,9.71,
2,2019-01-01 00:30:21,2019-01-01 00:38:31,1,.87,1,N,161,163,2,7,0.5,0.5,0,0,0.3,8.3,
2,2019-01-01 00:40:21,2019-01-01 00:48:34,1,.81,1,N,163,162,2,6.5,0.5,0.5,0,0,0.3,7.8,
2,2019-01-01 00:50:46,2019-01-01 01:13:10,1,2.96,1,N,161,79,2,15.5,0.5,0.5,0,0,0.3,16.8,
2,2019-01-01 00:17:08,2019-01-01 00:19:49,2,.53,1,N,144,144,2,4,0.5,0.5,0,0,0.3,5.3,
2,2019-01-01 00:26:11,2019-01-01 00:36:59,1,1.32,1,N,114,234,1,8.5,0.5,0.5,1.96,0,0.3,11.76,
2,2019-01-01 00:53:45,2019-01-01 01:06:01,2,2.38,1,N,107,141,1,10,0.5,0.5,2.26,0,0.3,13.56,
2,2019-01-01 00:16:59,2019-01-01 00:47:14,6,2.22,1,N,48,162,2,18,0.5,0.5,0,0,0.3,19.3,
2,2019-01-01 00:48:39,2019-01-01 01:01:43,6,2.40,1,N,233,263,1,11,0.5,0.5,2,0,0.3,14.3,
1,2019-01-01 00:11:28,2019-01-01 00:39:33,2,4.20,1,N,239,79,1,20,0.5,0.5,21.09,0,0.3,42.39,
1,2019-01-01 00:41:23,2019-01-01 00:47:51,1,1.00,1,N,79,148,1,6,0.5,0.5,1,0,0.3,8.3,
1,2019-01-01 00:50:13,2019-01-01 01:12:04,1,3.40,1,N,264,233,2,18,0.5,0.5,0,0,0.3,19.3,
1,2019-01-01 00:20:27,2019-01-01 00:46:33,4,7.80,1,N,237,80,2,26,0.5,0.5,0,0,0.3,27.3,
1,2019-01-01 00:21:43,2019-01-01 00:23:36,1,.30,1,N,263,263,2,3.5,0.5,0.5,0,0,0.3,4.8,
1,2019-01-01 00:25:14,2019-01-01 00:46:28,1,3.20,1,N,263,48,1,15.5,0.5,0.5,3.35,0,0.3,20.15,
1,2019-01-01 00:47:29,2019-01-01 01:00:46,1,1.70,1,N,48,163,1,10,0.5,0.5,2.25,0,0.3,13.55,
2,2019-01-01 00:16:45,2019-01-01 00:39:40,1,4.68,1,N,48,113,1,18.5,0.5,0.5,3.96,0,0.3,23.76,
2,2019-01-01 00:40:50,2019-01-01 00:49:28,2,1.03,1,N,113,79,2,7,0.5,0.5,0,0,0.3,8.3,
2,2019-01-01 00:59:42,2019-01-01 01:06:29,1,1.32,1,N,107,170,1,6.5,0.5,0.5,1.95,0,0.3,9.75,
1,2019-01-01 00:26:00,2019-01-01 00:30:11,0,.90,1,N,75,74,1,5,0.5,0.5,1.55,0,0.3,7.85,
1,2019-01-01 00:35:53,2019-01-01 00:46:38,0,2.20,1,N,263,239,1,9.5,0.5,0.5,2.15,0,0.3,12.95,
1,2019-01-01 00:50:17,2019-01-01 01:01:05,0,2.10,1,N,143,236,1,10,0.5,0.5,2.25,0,0.3,13.55,
2,2019-01-01 00:21:25,2019-01-01 00:28:03,1,1.53,1,N,141,237,2,7,0.5,0.5,0,0,0.3,8.3,
2,2019-01-01 00:33:27,2019-01-01 00:36:07,4,.30,1,N,237,161,2,4,0.5,0.5,0,0,0.3,5.3,
2,2019-01-01 00:44:35,2019-01-01 00:47:55,1,.22,1,N,161,162,1,4,0.5,0.5,0,0,0.3,5.3,
2,2019-01-01 00:59:38,2019-01-01 01:09:23,3,1.41,1,N,107,186,1,8,0.5,0.5,1.86,0,0.3,11.16,
2,2019-01-01 00:35:27,2019-01-01 00:44:18,1,1.39,1,N,144,79,2,7.5,0.5,0.5,0,0,0.3,8.8,
2,2019-01-01 00:46:25,2019-01-01 00:55:45,1,1.61,1,N,79,249,1,8,0.5,0.5,1.86,0,0.3,11.16,
2,2019-01-01 00:56:30,2019-01-01 01:11:52,2,2.50,1,N,249,186,1,12,0.5,0.5,2.66,0,0.3,15.96,
1,2019-01-01 00:49:16,2019-01-01 01:06:22,2,4.30,1,N,45,137,2,17,0.5,0.5,0,0,0.3,18.3,
2,2019-01-01 00:32:14,2019-01-01 00:37:48,1,.56,1,N,107,107,2,5,0.5,0.5,0,0,0.3,6.3,
2,2019-01-01 00:57:56,2019-01-01 01:05:14,1,1.11,1,N,170,233,2,6.5,0.5,0.5,0,0,0.3,7.8,
1,2019-01-01 00:09:11,2019-01-01 00:13:32,1,.80,1,N,262,236,1,5,0.5,0.5,2,0,0.3,8.3,
1,2019-01-01 00:19:03,2019-01-01 00:21:22,2,.50,1,N,262,263,1,4,0.5,0.5,2,0,0.3,7.3,
1,2019-01-01 00:23:34,2019-01-01 00:39:28,2,3.90,1,N,263,50,1,15,0.5,0.5,3.25,0,0.3,19.55,
1,2019-01-01 00:41:44,2019-01-01 00:48:04,1,2.40,1,N,50,151,2,8,0.5,0.5,0,0,0.3,9.3,
1,2019-01-01 00:54:47,2019-01-01 01:02:59,2,1.10,1,N,239,143,2,7.5,0.5,0.5,0,0,0.3,8.8,
2,2019-01-01 00:04:37,2019-01-01 00:06:50,1,.43,1,N,87,12,2,3.5,0.5,0.5,0,0,0.3,4.8,
2,2019-01-01 00:22:00,2019-01-01 00:33:41,2,1.30,1,N,209,209,1,8,0.5,0.5,5.08,0,0.3,14.38,
2,2019-01-01 00:35:24,2019-01-01 00:43:30,1,1.75,1,N,209,114,1,8,0.5,0.5,2.32,0,0.3,11.62,
2,2019-01-01 00:46:30,2019-01-01 00:58:14,1,1.99,1,N,114,209,2,9.5,0.5,0.5,0,0,0.3,10.8,
1,2019-01-01 00:07:49,2019-01-01 00:11:46,1,1.10,1,N,263,75,1,5.5,0.5,0.5,1.35,0,0.3,8.15,
1,2019-01-01 00:22:25,2019-01-01 00:34:13,1,2.40,1,N,140,142,1,10.5,0.5,0.5,2.95,0,0.3,14.75,
1,2019-01-01 00:37:09,2019-01-01 00:41:47,1,1.10,1,N,142,239,2,5.5,0.5,0.5,0,0,0.3,6.8,
1,2019-01-01 00:46:11,2019-01-01 00:55:28,2,1.80,1,N,239,141,1,8.5,0.5,0.5,1.96,0,0.3,11.76,
1,2019-01-01 00:06:22,2019-01-01 00:25:33,1,5.30,1,N,79,74,2,17.5,0.5,0.5,0,0,0.3,18.8,
1,2019-01-01 00:33:01,2019-01-01 00:51:04,1,5.30,1,N,263,148,1,18.5,0.5,0.5,1.98,0,0.3,21.78,
1,2019-01-01 00:56:09,2019-01-01 01:07:18,2,1.80,1,N,148,234,1,9,0.5,0.5,2.05,0,0.3,12.35,
2,2019-01-01 00:12:39,2019-01-01 00:16:21,2,.82,1,N,237,237,2,5,0.5,0.5,0,0,0.3,6.3,
2,2019-01-01 00:31:21,2019-01-01 00:42:16,2,1.35,1,N,237,170,1,8.5,0.5,0.5,1.96,0,0.3,11.76,
2,2019-01-01 00:46:15,2019-01-01 01:16:27,2,9.60,1,N,170,243,1,31,0.5,0.5,8.08,0,0.3,40.38,
2,2019-01-01 00:00:49,2019-01-01 00:11:39,1,4.39,1,N,236,226,2,13.5,0.5,0.5,0,0,0.3,17.3,
2,2019-01-01 00:46:22,2019-01-01 00:54:20,2,1.69,1,N,141,263,1,8,0.5,0.5,1.4,0,0.3,10.7,
2,2019-01-01 00:55:17,2019-01-01 01:08:51,1,3.10,1,N,263,41,2,12.5,0.5,0.5,0,0,0.3,13.8,
2,2019-01-01 00:08:48,2019-01-01 00:37:14,1,17.03,1,N,238,259,2,46.5,0.5,0.5,0,0,0.3,47.8,
2,2019-01-01 00:18:15,2019-01-01 00:32:19,1,7.38,1,N,132,95,2,21.5,0.5,0.5,0,0,0.3,22.8,
2,2019-01-01 00:44:39,2019-01-01 01:13:24,1,14.87,1,N,134,262,1,41.5,0.5,0.5,0,5.76,0.3,48.56,
2,2018-12-31 23:59:47,2019-01-01 00:13:02,1,4.46,1,N,65,79,2,15,0.5,0.5,0,0,0.3,16.3,
2,2019-01-01 00:34:03,2019-01-01 00:56:45,1,11.01,1,N,107,243,1,31.5,0.5,0.5,8.2,0,0.3,41,
2,2019-01-01 00:12:47,2019-01-01 00:24:46,2,1.27,1,N,137,90,1,9,0.5,0.5,2,0,0.3,12.3,
2,2019-01-01 00:26:47,2019-01-01 00:37:03,1,1.18,1,N,186,246,1,8,0.5,0.5,1.86,0,0.3,11.16,
2,2019-01-01 00:45:59,2019-01-01 00:49:01,2,.68,1,N,68,68,1,4.5,0.5,0.5,1,0,0.3,6.8,
2,2019-01-01 00:54:01,2019-01-01 00:59:11,2,.85,1,N,68,234,1,5,0.5,0.5,1,0,0.3,7.3,
2,2019-01-01 01:00:00,2019-01-01 01:11:43,3,1.32,1,N,234,79,1,9,0.5,0.5,2.06,0,0.3,12.36,
1,2019-01-01 00:11:16,2019-01-01 00:27:17,2,2.60,1,N,68,142,2,12,0.5,0.5,0,0,0.3,13.3,
1,2019-01-01 00:30:51,2019-01-01 00:49:12,2,1.60,1,N,43,48,2,12,0.5,0.5,0,0,0.3,13.3,
2,2019-01-01 00:27:04,2019-01-01 00:32:56,1,1.15,1,N,43,236,1,6.5,0.5,0.5,1.56,0,0.3,9.36,
2,2019-01-01 00:36:30,2019-01-01 00:45:20,1,1.73,1,N,236,238,1,8,0.5,0.5,1,0,0.3,10.3,
2,2019-01-01 00:58:25,2019-01-01 01:28:28,1,4.64,1,N,239,113,2,20.5,0.5,0.5,0,0,0.3,21.8,
2,2019-01-01 00:30:51,2019-01-01 00:41:14,1,.96,1,N,148,232,2,8,0.5,0.5,0,0,0.3,9.3,
2,2019-01-01 00:54:03,2019-01-01 01:17:42,1,3.98,1,N,232,186,1,17.5,0.5,0.5,0,0,0.3,18.8,
1,2019-01-01 00:12:13,2019-01-01 00:33:13,1,5.80,1,N,261,161,1,21.5,0.5,0.5,6.8,0,0.3,29.6,
2,2019-01-01 00:31:57,2019-01-01 00:35:09,2,.79,1,N,143,239,1,5,0.5,0.5,3,0,0.3,9.3,
2,2019-01-01 00:37:19,2019-01-01 00:40:20,2,.72,1,N,238,151,1,4.5,0.5,0.5,1.45,0,0.3,7.25,
2,2019-01-01 00:43:46,2019-01-01 00:51:25,2,1.79,1,N,151,142,1,8,0.5,0.5,1.86,0,0.3,11.16,
2,2019-01-01 00:52:04,2019-01-01 01:00:43,2,2.47,1,N,142,166,1,9.5,0.5,0.5,2.16,0,0.3,12.96,
2,2019-01-01 00:48:22,2019-01-01 00:55:12,1,1.67,1,N,229,236,1,7,0.5,0.5,2.49,0,0.3,10.79,
2,2019-01-01 00:21:37,2019-01-01 00:23:54,2,.45,1,N,114,211,1,3.5,0.5,0.5,0.96,0,0.3,5.76,
2,2019-01-01 00:27:46,2019-01-01 01:02:04,2,6.93,1,N,211,238,2,27.5,0.5,0.5,0,0,0.3,28.8,
1,2019-01-01 00:20:59,2019-01-01 00:34:47,2,3.00,1,N,161,238,2,12.5,0.5,0.5,0,0,0.3,13.8,
1,2019-01-01 00:38:41,2019-01-01 00:51:03,2,2.00,1,N,239,237,1,10,0.5,0.5,3.35,0,0.3,14.65,
1,2019-01-01 00:55:46,2019-01-01 01:02:22,2,1.20,1,N,237,239,1,7,0.5,0.5,1,0,0.3,9.3,
2,2019-01-01 00:54:36,2019-01-01 01:11:21,1,2.63,1,N,229,234,1,12.5,0.5,0.5,4.14,0,0.3,17.94,
2,2019-01-01 00:19:44,2019-01-01 00:33:43,2,1.75,1,N,107,246,1,10.5,0.5,0.5,2.36,0,0.3,14.16,
2,2019-01-01 00:39:08,2019-01-01 00:45:55,1,.92,1,N,246,90,1,6.5,0.5,0.5,1.95,0,0.3,9.75,
2,2019-01-01 00:49:39,2019-01-01 01:11:34,2,4.07,1,N,90,236,1,17,0.5,0.5,3.29,0,0.3,21.59,
2,2019-01-01 00:17:27,2019-01-01 00:39:13,1,1.49,1,N,246,48,1,13.5,0.5,0.5,3.7,0,0.3,18.5,
2,2019-01-01 00:41:01,2019-01-01 00:53:23,1,2.59,1,N,48,238,2,11,0.5,0.5,0,0,0.3,12.3,
2,2019-01-01 00:58:51,2019-01-01 01:17:13,1,4.19,1,N,238,68,1,16,0.5,0.5,3.7,0,0.3,21,
1,2019-01-01 00:05:14,2019-01-01 00:29:37,2,9.10,1,N,141,241,1,27.5,0.5,0.5,8.6,0,0.3,37.4,
1,2019-01-01 00:54:43,2019-01-01 00:59:06,2,.70,1,N,239,239,2,5,0.5,0.5,0,0,0.3,6.3,
2,2019-01-01 00:15:11,2019-01-01 00:20:03,1,.93,1,N,163,229,2,5.5,0.5,0.5,0,0,0.3,6.8,
2,2019-01-01 00:47:34,2019-01-01 01:01:52,1,1.83,1,N,162,234,1,10.5,0.5,0.5,2.36,0,0.3,14.16,
2,2019-01-01 00:13:29,2019-01-01 00:39:42,2,3.52,1,N,237,113,1,18,0.5,0.5,3.86,0,0.3,23.16,
2,2019-01-01 00:08:38,2019-01-01 00:16:28,5,1.93,1,N,140,236,1,8.5,0.5,0.5,2.45,0,0.3,12.25,
2,2019-01-01 00:18:13,2019-01-01 00:45:57,6,3.99,1,N,236,90,1,20,0.5,0.5,4.26,0,0.3,25.56,
2,2019-01-01 00:50:36,2019-01-01 01:01:51,5,1.12,1,N,234,79,1,8.5,0.5,0.5,1.96,0,0.3,11.76,
1,2019-01-01 00:24:43,2019-01-01 00:28:04,1,.60,1,N,114,158,2,4.5,0.5,0.5,0,0,0.3,5.8,
1,2019-01-01 00:48:13,2019-01-01 01:07:14,1,2.20,1,N,90,4,2,13,0.5,0.5,0,0,0.3,14.3,
2,2019-01-01 00:19:25,2019-01-01 00:27:59,1,1.77,1,N,142,151,1,8,0.5,0.5,2.79,0,0.3,12.09,
2,2019-01-01 00:29:44,2019-01-01 00:39:58,1,2.65,1,N,151,237,1,10.5,0.5,0.5,2,0,0.3,13.8,
2,2019-01-01 00:44:06,2019-01-01 00:47:30,1,.33,1,N,237,237,2,4,0.5,0.5,0,0,0.3,5.3,
1,2019-01-01 00:30:41,2019-01-01 00:32:07,1,.50,1,N,79,79,2,3.5,0.5,0.5,0,0,0.3,4.8,
1,2019-01-01 00:36:06,2019-01-01 00:55:30,3,5.40,1,Y,79,112,2,18.5,0.5,0.5,0,0,0.3,19.8,
1,2019-01-01 00:38:49,2019-01-01 00:46:33,1,.90,1,N,158,113,1,6.5,0.5,0.5,1.95,0,0.3,9.75,
1,2019-01-01 00:49:26,2019-01-01 00:54:06,1,.70,1,N,113,79,1,5,0.5,0.5,1.25,0,0.3,7.55,
1,2019-01-01 00:55:44,2019-01-01 01:06:21,1,2.10,1,N,79,229,1,9.5,0.5,0.5,2,0,0.3,12.8,
2,2019-01-01 00:41:13,2019-01-01 01:06:10,4,7.23,1,N,65,141,1,24,0.5,0.5,5.56,0,0.3,33.36,
1,2019-01-01 00:38:42,2019-01-01 01:02:15,2,2.50,1,N,186,143,1,15.5,0.5,0.5,1,0,0.3,17.8,
1,2019-01-01 00:23:17,2019-01-01 00:33:22,4,1.80,1,N,142,238,2,9,0.5,0.5,0,0,0.3,10.3,
1,2019-01-01 00:37:15,2019-01-01 00:41:11,2,.70,1,N,238,239,1,5,0.5,0.5,1.85,0,0.3,8.15,
1,2019-01-01 00:42:42,2019-01-01 00:48:02,2,.90,1,N,239,143,1,5.5,0.5,0.5,1.7,0,0.3,8.5,
1,2019-01-01 00:50:45,2019-01-01 01:12:46,2,3.40,1,N,143,141,2,16,0.5,0.5,0,0,0.3,17.3,
2,2019-01-01 00:37:48,2019-01-01 00:53:37,1,1.80,1,N,161,137,1,11,0.5,0.5,2,0,0.3,14.3,
2,2019-01-01 00:18:28,2019-01-01 00:31:46,1,.61,1,N,48,48,1,9,0.5,0.5,2.06,0,0.3,12.36,
2,2019-01-01 00:35:12,2019-01-01 01:13:34,1,7.47,1,N,48,49,1,28.5,0.5,0.5,0.19,0,0.3,29.99,
1,2019-01-01 00:19:27,2019-01-01 00:51:26,1,3.40,1,N,50,107,1,20.5,0.5,0.5,4.35,0,0.3,26.15,
1,2019-01-01 00:54:19,2019-01-01 01:00:14,1,.70,1,N,79,148,2,6,0.5,0.5,0,0,0.3,7.3,
2,2019-01-01 00:10:20,2019-01-01 00:25:19,1,2.36,1,N,170,114,2,10.5,0.5,0.5,0,0,0.3,11.8,
2,2019-01-01 00:29:17,2019-01-01 00:39:16,1,1.61,1,N,114,232,1,8.5,0.5,0.5,1.96,0,0.3,11.76,
2,2019-01-01 00:47:45,2019-01-01 01:01:18,1,2.55,1,N,148,170,1,11,0.5,0.5,2.46,0,0.3,14.76,
1,2019-01-01 00:28:57,2019-01-01 00:45:03,1,2.30,1,N,170,141,1,12,0.5,0.5,2.66,0,0.3,15.96,
1,2019-01-01 00:46:22,2019-01-01 00:52:39,1,2.00,1,N,141,75,2,7.5,0.5,0.5,0,0,0.3,8.8,
2,2019-01-01 00:12:31,2019-01-01 00:18:50,1,.88,1,N,107,113,1,6,0.5,0.5,0.73,0,0.3,8.03,
2,2019-01-01 00:24:26,2019-01-01 00:34:41,1,1.91,1,N,113,137,1,9,0.5,0.5,2.06,0,0.3,14.31,
2,2019-01-01 00:46:27,2019-01-01 00:55:18,1,.79,1,N,164,170,1,7,0.5,0.5,2.08,0,0.3,10.38,
2,2019-01-01 00:21:24,2019-01-01 00:35:35,2,1.93,1,N,43,233,2,10.5,0.5,0.5,0,0,0.3,11.8,
2,2019-01-01 00:23:17,2019-01-01 00:33:29,3,1.47,1,N,161,140,1,8.5,0.5,0.5,1.96,0,0.3,11.76,
2,2019-01-01 00:35:05,2019-01-01 00:37:59,2,.71,1,N,140,140,1,4.5,0.5,0.5,1.74,0,0.3,7.54,
2,2019-01-01 00:40:28,2019-01-01 00:47:46,2,1.28,1,N,140,236,2,6.5,0.5,0.5,0,0,0.3,7.8,
2,2019-01-01 00:48:41,2019-01-01 00:55:18,2,.93,1,N,236,236,1,6.5,0.5,0.5,1.95,0,0.3,9.75,
1,2019-01-01 00:19:16,2019-01-01 00:34:51,2,2.10,1,N,170,79,1,11,0.5,0.5,2,0,0.3,14.3,
1,2019-01-01 00:37:18,2019-01-01 00:46:21,1,1.30,1,N,79,45,2,8,0.5,0.5,0,0,0.3,9.3,
1,2019-01-01 00:52:37,2019-01-01 01:02:00,2,1.70,1,N,144,261,1,8,0.5,0.5,1.85,0,0.3,11.15,
2,2019-01-01 00:39:58,2019-01-01 00:52:51,1,3.05,1,N,75,233,1,11.5,0.5,0.5,2,0,0.3,14.8,
2,2019-01-01 00:54:07,2019-01-01 00:59:29,1,.75,1,N,233,162,1,5.5,0.5,0.5,1.36,0,0.3,8.16,
2,2019-01-01 00:37:25,2019-01-01 00:57:39,2,3.03,1,N,164,236,2,15,0.5,0.5,0,0,0.3,16.3,
2,2019-01-01 00:05:41,2019-01-01 00:10:05,2,1.18,1,N,141,263,1,5.5,0.5,0.5,0,0,0.3,6.8,
2,2019-01-01 00:14:47,2019-01-01 00:19:15,2,1.15,1,N,262,140,2,6,0.5,0.5,0,0,0.3,7.3,
2,2019-01-01 00:19:35,2019-01-01 00:32:16,2,7.01,1,N,140,244,1,20.5,0.5,0.5,5.45,0,0.3,27.25,
2,2019-01-01 00:48:22,2019-01-01 01:06:42,1,3.40,1,N,166,262,1,15,0.5,0.5,3.26,0,0.3,19.56,
1,2019-01-01 00:40:02,2019-01-01 00:44:13,2,.70,1,N,7,7,2,4.5,0.5,0.5,0,0,0.3,5.8,
2,2019-01-01 00:14:53,2019-01-01 00:22:41,1,.87,1,N,90,107,1,6.5,0.5,0.5,1.56,0,0.3,9.36,
2,2019-01-01 00:34:35,2019-01-01 01:01:54,1,3.67,1,N,113,237,2,18.5,0.5,0.5,0,0,0.3,19.8,
1,2019-01-01 00:57:31,2019-01-01 01:05:18,1,1.00,1,N,170,107,2,6.5,0.5,0.5,0,0,0.3,7.8,
2,2019-01-01 00:23:54,2019-01-01 00:36:10,1,2.86,1,N,143,24,2,11.5,0.5,0.5,0,0,0.3,12.8,
2,2019-01-01 00:44:04,2019-01-01 00:58:45,2,2.81,1,N,151,42,1,12.5,0.5,0.5,2.76,0,0.3,16.56,
1,2019-01-01 00:13:00,2019-01-01 00:24:06,1,1.40,1,N,163,170,1,9,0.5,0.5,2.05,0,0.3,12.35,
1,2019-01-01 00:34:21,2019-01-01 00:46:34,2,1.10,1,N,234,170,1,9,0.5,0.5,2.06,0,0.3,12.36,
2,2019-01-01 00:30:45,2019-01-01 00:40:55,1,4.81,1,N,138,95,1,14.5,0.5,0.5,3.95,0,0.3,19.75,
2,2019-01-01 00:51:35,2019-01-01 01:13:10,1,3.95,1,N,196,197,2,17.5,0.5,0.5,0,0,0.3,18.8,
2,2019-01-01 00:07:29,2019-01-01 00:18:45,1,2.09,1,N,90,79,2,9.5,0.5,0.5,0,0,0.3,10.8,
2,2019-01-01 00:19:39,2019-01-01 00:41:17,1,8.45,1,N,79,129,2,26,0.5,0.5,0,5.76,0.3,33.06,
2,2019-01-01 00:46:51,2019-01-01 00:50:45,1,.77,1,N,129,129,2,5,0.5,0.5,0,0,0.3,6.3,
2,2019-01-01 00:52:03,2019-01-01 01:07:08,1,2.84,1,N,129,7,2,12.5,0.5,0.5,0,0,0.3,13.8,
2,2019-01-01 00:12:18,2019-01-01 00:24:55,5,3.17,1,N,161,193,1,12.5,0.5,0.5,2.76,0,0.3,16.56,
2,2019-01-01 00:55:33,2019-01-01 01:27:52,5,2.50,1,N,164,148,1,20,0.5,0.5,0,0,0.3,21.3,
2,2019-01-01 00:17:15,2019-01-01 00:26:05,2,.80,1,N,234,234,2,7,0.5,0.5,0,0,0.3,8.3,
2,2019-01-01 00:44:32,2019-01-01 00:56:58,1,3.25,1,N,162,238,2,12,0.5,0.5,0,0,0.3,13.3,
2,2019-01-01 00:16:35,2019-01-01 00:28:00,3,2.40,1,N,249,87,1,10,0.5,0.5,2.26,0,0.3,13.56,
2,2019-01-01 00:38:26,2019-01-01 00:42:14,3,.57,1,N,88,13,1,4.5,0.5,0.5,3,0,0.3,8.8,
2,2019-01-01 00:43:41,2019-01-01 00:50:12,3,1.07,1,N,13,87,1,6.5,0.5,0.5,1.95,0,0.3,9.75,
2,2019-01-01 00:54:10,2019-01-01 01:27:43,3,6.15,1,N,209,239,1,26,0.5,0.5,4.1,0,0.3,31.4,
2,2019-01-01 00:16:38,2019-01-01 00:22:52,1,.71,1,N,163,162,1,6,0.5,0.5,1.46,0,0.3,8.76,
2,2019-01-01 00:26:30,2019-01-01 00:28:48,2,.85,1,N,233,137,1,4.5,0.5,0.5,2,0,0.3,7.8,
2,2019-01-01 00:32:54,2019-01-01 00:41:52,2,1.61,1,N,137,79,2,8,0.5,0.5,0,0,0.3,9.3,
2,2019-01-01 00:44:23,2019-01-01 00:56:54,2,2.06,1,N,79,170,1,10,0.5,0.5,2.26,0,0.3,13.56,
2,2019-01-01 00:19:15,2019-01-01 00:28:36,2,2.96,1,N,233,75,2,10.5,0.5,0.5,0,0,0.3,11.8,
2,2019-01-01 00:31:25,2019-01-01 00:42:12,2,2.04,1,N,236,239,2,10,0.5,0.5,0,0,0.3,11.3,
2,2019-01-01 00:43:01,2019-01-01 00:53:56,2,1.80,1,N,239,50,1,9.5,0.5,0.5,2.16,0,0.3,12.96,
2,2019-01-01 00:55:42,2019-01-01 01:04:03,2,2.73,1,N,48,239,2,9,0.5,0.5,0,0,0.3,10.3,
1,2019-01-01 00:12:27,2019-01-01 00:25:14,0,2.10,1,N,141,143,1,10.5,0.5,0.5,2.36,0,0.3,14.16,
1,2019-01-01 00:29:10,2019-01-01 00:35:18,3,1.40,1,N,239,166,1,7,0.5,0.5,2.05,0,0.3,10.35,
1,2019-01-01 00:39:45,2019-01-01 01:05:50,4,7.10,1,N,151,79,1,24.5,0.5,0.5,5.16,0,0.3,30.96,
2,2019-01-01 00:04:59,2019-01-01 00:18:32,1,3.32,1,N,4,140,2,12,0.5,0.5,0,0,0.3,13.3,
2,2019-01-01 00:24:06,2019-01-01 00:42:16,2,2.73,1,N,229,143,1,13.5,0.5,0.5,3.7,0,0.3,18.5,
2,2019-01-01 00:46:16,2019-01-01 00:56:05,1,2.37,1,N,143,141,1,9.5,0.5,0.5,2.16,0,0.3,12.96,
2,2019-01-01 00:57:54,2019-01-01 01:05:46,2,1.60,1,N,140,233,1,7.5,0.5,0.5,1.76,0,0.3,10.56,
2,2019-01-01 00:11:39,2019-01-01 00:17:56,6,.69,1,N,239,142,1,6,0.5,0.5,1.46,0,0.3,8.76,
2,2019-01-01 00:19:28,2019-01-01 00:28:13,6,1.83,1,N,142,246,1,8.5,0.5,0.5,1.96,0,0.3,11.76,
2,2019-01-01 00:37:43,2019-01-01 00:44:45,6,1.41,1,N,50,239,2,7.5,0.5,0.5,0,0,0.3,8.8,
2,2019-01-01 00:45:53,2019-01-01 00:59:03,6,2.59,1,N,239,162,2,11.5,0.5,0.5,0,0,0.3,12.8,
2,2019-01-01 00:07:45,2019-01-01 00:15:50,1,1.72,1,N,238,166,1,8.5,0.5,0.5,1.96,0,0.3,11.76,
2,2019-01-01 00:23:20,2019-01-01 00:27:10,1,.87,1,N,166,151,2,5,0.5,0.5,0,0,0.3,6.3,
2,2019-01-01 00:32:33,2019-01-01 00:35:37,1,1.01,1,N,238,239,1,5,0.5,0.5,1.89,0,0.3,8.19,
2,2019-01-01 00:38:34,2019-01-01 00:50:18,1,3.48,1,N,239,74,1,12,0.5,0.5,0,0,0.3,13.3,
2,2019-01-01 00:13:53,2019-01-01 00:47:49,1,5.15,1,N,234,239,1,24,0.5,0.5,5.06,0,0.3,30.36,
2,2019-01-01 00:50:22,2019-01-01 01:00:35,1,5.25,1,N,238,244,2,16,0.5,0.5,0,0,0.3,17.3,
2,2019-01-01 00:21:35,2019-01-01 00:30:12,1,1.55,1,N,234,144,1,8,0.5,0.5,2.32,0,0.3,11.62,
2,2019-01-01 00:31:55,2019-01-01 00:39:21,1,1.53,1,N,144,158,1,7.5,0.5,0.5,1.76,0,0.3,10.56,
2,2019-01-01 00:45:35,2019-01-01 00:56:57,2,2.20,1,N,114,261,2,10,0.5,0.5,0,0,0.3,11.3,
1,2019-01-01 00:22:26,2019-01-01 00:37:50,3,2.00,1,N,161,237,2,12,0.5,0.5,0,0,0.3,13.3,
1,2019-01-01 00:41:56,2019-01-01 00:44:56,3,.60,1,N,237,236,1,4.5,0.5,0.5,1.4,0,0.3,7.2,
1,2019-01-01 00:56:52,2019-01-01 01:17:24,4,5.00,1,N,43,223,2,18.5,0.5,0.5,0,0,0.3,19.8,
2,2019-01-01 00:30:04,2019-01-01 00:48:03,1,9.52,1,N,138,244,1,27.5,0.5,0.5,6.91,5.76,0.3,41.47,
1,2019-01-01 00:08:35,2019-01-01 00:20:44,1,1.70,1,N,148,137,2,9.5,0.5,0.5,0,0,0.3,10.8,
1,2019-01-01 00:25:18,2019-01-01 00:33:09,2,.80,1,N,170,234,1,6.5,0.5,0.5,1.95,0,0.3,9.75,
1,2019-01-01 00:40:38,2019-01-01 00:43:28,1,.00,1,N,234,234,2,3.5,0.5,0.5,0,0,0.3,4.8,
1,2019-01-01 00:45:51,2019-01-01 01:00:14,2,1.80,1,N,234,148,1,10.5,0.5,0.5,0.01,0,0.3,11.81,
1,2019-01-01 00:36:55,2019-01-01 00:43:28,2,.60,1,N,236,140,2,6,0.5,0.5,0,0,0.3,7.3,
1,2019-01-01 00:46:28,2019-01-01 00:57:24,1,3.10,1,N,262,42,1,11.5,0.5,0.5,1.28,0,0.3,14.08,
2,2019-01-01 00:26:44,2019-01-01 00:54:46,1,3.71,1,N,249,237,2,18,0.5,0.5,0,0,0.3,19.3,
2,2019-01-01 00:13:44,2019-01-01 00:29:34,1,1.94,1,N,100,68,1,11.5,0.5,0.5,2.56,0,0.3,15.36,
2,2019-01-01 00:31:16,2019-01-01 00:38:52,1,.57,1,N,68,249,2,6,0.5,0.5,0,0,0.3,7.3,
2,2019-01-01 00:42:09,2019-01-01 01:05:33,1,3.72,1,N,68,229,1,17,0.5,0.5,3.66,0,0.3,21.96,
2,2019-01-01 00:28:07,2019-01-01 00:53:21,5,10.65,1,N,79,243,2,31.5,0.5,0.5,0,0,0.3,32.8,
2,2019-01-01 00:31:37,2019-01-01 00:56:17,1,3.09,1,N,237,238,1,17,0.5,0.5,3.66,0,0.3,21.96,
2,2018-12-31 20:04:04,2018-12-31 20:12:23,2,1.41,1,N,82,260,2,7.5,0.5,0.5,0,0,0.3,8.8,
2,2018-12-31 20:07:02,2019-01-01 19:29:56,2,13.54,1,N,170,215,2,37,0.5,0.5,0,5.76,0.3,44.06,
1,2019-01-01 00:13:00,2019-01-01 00:17:28,1,.80,1,Y,148,224,1,5,0.5,0.5,1.25,0,0.3,7.55,
1,2019-01-01 00:24:55,2019-01-01 00:27:14,1,.50,1,N,4,4,2,4,0.5,0.5,0,0,0.3,5.3,
1,2019-01-01 00:31:43,2019-01-01 00:35:30,1,.50,1,N,79,232,2,4.5,0.5,0.5,0,0,0.3,5.8,
1,2019-01-01 00:41:04,2019-01-01 01:04:58,1,4.50,1,N,148,164,1,18,0.5,0.5,3.85,0,0.3,23.15,
1,2019-01-01 00:30:10,2019-01-01 00:39:35,2,.80,1,N,161,170,1,7,0.5,0.5,50,0,0.3,58.3,
1,2019-01-01 00:54:55,2019-01-01 01:09:44,4,1.90,1,N,234,4,2,10.5,0.5,0.5,0,0,0.3,11.8,
2,2019-01-01 00:03:38,2019-01-01 00:09:14,6,.84,1,N,239,142,1,6,0.5,0.5,1.46,0,0.3,8.76,
2,2019-01-01 00:31:13,2019-01-01 00:34:54,6,.30,1,N,239,239,2,4.5,0.5,0.5,0,0,0.3,5.8,
2,2019-01-01 00:41:21,2019-01-01 00:58:24,6,3.19,1,N,238,75,2,13.5,0.5,0.5,0,0,0.3,14.8,
2,2018-12-31 23:59:51,2019-01-01 00:03:48,2,.35,1,N,249,249,1,4,0.5,0.5,1.06,0,0.3,6.36,
2,2019-01-01 00:44:58,2019-01-01 00:57:06,2,1.25,1,N,164,229,1,9,0.5,0.5,2.06,0,0.3,12.36,
2,2019-01-01 00:37:24,2019-01-01 01:00:13,5,4.80,1,N,113,189,1,19.5,0.5,0.5,4.16,0,0.3,24.96,
1,2019-01-01 00:52:14,2019-01-01 00:55:02,1,.80,1,N,50,50,1,4.5,0.5,0.5,1.4,0,0.3,7.2,
1,2019-01-01 00:59:11,2019-01-01 01:04:11,1,.70,1,N,143,239,1,5.5,0.5,0.5,1.02,0,0.3,7.82,
2,2019-01-01 00:23:10,2019-01-01 00:24:36,1,.29,1,N,231,231,2,3,0.5,0.5,0,0,0.3,4.3,
2,2019-01-01 00:25:28,2019-01-01 00:56:49,1,3.92,1,N,231,43,2,20,0.5,0.5,0,0,0.3,21.3,
1,2019-01-01 00:04:27,2019-01-01 00:27:56,2,8.20,1,N,125,165,1,26,0.5,0.5,6.6,5.76,0.3,39.66,
1,2019-01-01 00:43:06,2019-01-01 00:56:40,2,3.90,1,N,195,148,1,14,0.5,0.5,4.55,0,0.3,19.85,
1,2019-01-01 00:57:44,2019-01-01 01:15:09,2,3.50,1,N,148,25,1,15,0.5,0.5,3.25,0,0.3,19.55,
1,2019-01-01 00:40:56,2019-01-01 01:00:51,1,4.30,1,N,144,37,2,17,0.5,0.5,0,0,0.3,18.3,
2,2019-01-01 00:18:21,2019-01-01 01:24:15,2,11.40,1,N,161,61,2,44.5,0.5,0.5,0,0,0.3,45.8,
1,2019-01-01 00:10:21,2019-01-01 00:30:38,1,5.60,1,N,161,148,2,19.5,0.5,0.5,0,0,0.3,20.8,
1,2019-01-01 00:34:49,2019-01-01 00:49:15,1,2.90,1,N,79,237,1,12,0.5,0.5,2.65,0,0.3,15.95,
1,2019-01-01 00:50:28,2019-01-01 01:11:41,2,8.20,1,N,237,95,2,24.5,0.5,0.5,0,0,0.3,25.8,
2,2019-01-01 00:09:11,2019-01-01 00:13:57,1,1.12,1,N,239,238,1,6,0.5,0.5,1.46,0,0.3,8.76,
2,2019-01-01 00:40:16,2019-01-01 00:50:05,1,2.04,1,N,238,237,1,9,0.5,0.5,2.06,0,0.3,12.36,
2,2019-01-01 00:54:29,2019-01-01 00:56:57,1,.36,1,N,236,236,2,3.5,0.5,0.5,0,0,0.3,4.8,
2,2019-01-01 00:21:42,2019-01-01 00:37:48,5,2.95,1,N,161,145,2,13.5,0.5,0.5,0,0,0.3,14.8,
2,2019-01-01 00:39:07,2019-01-01 00:50:53,5,3.59,1,N,145,263,1,12.5,0.5,0.5,6,0,0.3,19.8,
2,2019-01-01 00:53:45,2019-01-01 00:57:27,5,1.06,1,N,263,141,2,5,0.5,0.5,0,0,0.3,6.3,
1,2019-01-01 00:28:48,2019-01-01 00:35:22,1,1.20,1,N,162,140,2,6.5,0.5,0.5,0,0,0.3,7.8,
2,2019-01-01 00:24:28,2019-01-01 00:28:13,1,.48,1,N,144,211,1,4.5,0.5,0.5,1.74,0,0.3,7.54,
2,2019-01-01 00:29:45,2019-01-01 00:37:25,1,1.44,1,N,211,87,1,7,0.5,0.5,1.66,0,0.3,9.96,
2,2019-01-01 00:39:35,2019-01-01 00:46:01,1,1.12,1,N,87,13,1,6.5,0.5,0.5,1.56,0,0.3,9.36,
2,2019-01-01 00:53:28,2019-01-01 01:07:06,1,1.95,1,N,231,4,1,10.5,0.5,0.5,2.36,0,0.3,14.16,
1,2019-01-01 00:32:09,2019-01-01 01:03:28,1,6.90,1,N,13,236,2,25,0.5,0.5,0,0,0.3,26.3,
2,2019-01-01 00:12:46,2019-01-01 00:33:05,2,4.12,1,N,113,255,1,17,0.5,0.5,1,0,0.3,19.3,
2,2019-01-01 00:42:56,2019-01-01 00:52:55,2,1.52,1,N,255,37,1,8,0.5,0.5,1.86,0,0.3,11.16,
1,2019-01-01 00:15:20,2019-01-01 00:44:57,2,4.10,1,N,161,261,2,20,0.5,0.5,0,0,0.3,21.3,
2,2019-01-01 00:05:20,2019-01-01 00:09:12,1,1.14,1,N,263,141,1,5.5,0.5,0.5,2.04,0,0.3,8.84,
2,2019-01-01 00:45:23,2019-01-01 00:56:32,1,2.45,1,N,249,13,1,10,0.5,0.5,1.5,0,0.3,12.8,
2,2019-01-01 00:17:46,2019-01-01 00:30:09,2,2.15,1,N,142,238,1,10.5,0.5,0.5,1,0,0.3,12.8,
2,2019-01-01 00:37:10,2019-01-01 00:44:10,3,1.27,1,N,238,236,1,7,0.5,0.5,1.66,0,0.3,9.96,
2,2019-01-01 00:48:12,2019-01-01 00:55:30,2,1.40,1,N,236,141,1,7.5,0.5,0.5,1.76,0,0.3,10.56,
2,2019-01-01 00:23:02,2019-01-01 00:47:31,2,6.00,1,N,239,231,1,22.5,0.5,0.5,4.76,0,0.3,28.56,
2,2019-01-01 00:55:50,2019-01-01 01:18:30,2,8.93,1,N,13,262,2,27.5,0.5,0.5,0,0,0.3,28.8,
2,2019-01-01 00:32:41,2019-01-01 00:39:01,1,.77,1,N,114,158,1,6,0.5,0.5,1.46,0,0.3,8.76,
2,2019-01-01 00:43:24,2019-01-01 00:48:27,1,.86,1,N,158,68,1,5.5,0.5,0.5,1.36,0,0.3,8.16,
2,2019-01-01 00:59:30,2019-01-01 01:28:55,1,7.22,1,N,68,188,1,26,0.5,0.5,5.46,0,0.3,32.76,
1,2019-01-01 00:15:55,2019-01-01 00:33:41,0,2.40,1,N,239,141,2,12.5,0.5,0.5,0,0,0.3,13.8,
1,2019-01-01 00:34:53,2019-01-01 00:44:15,1,1.90,1,N,141,137,1,8.5,0.5,0.5,1.96,0,0.3,11.76,
1,2019-01-01 00:50:01,2019-01-01 01:12:52,1,7.10,1,N,137,159,1,22.5,0.5,0.5,2,0,0.3,25.8,
2,2019-01-01 00:18:02,2019-01-01 00:23:12,1,1.92,1,N,141,263,1,7,0.5,0.5,1,0,0.3,9.3,
2,2019-01-01 00:28:51,2019-01-01 00:37:47,1,1.79,1,N,237,238,1,8.5,0.5,0.5,1.96,0,0.3,11.76,
2,2019-01-01 00:39:13,2019-01-01 00:53:54,1,2.85,1,N,238,42,1,12.5,0.5,0.5,2.76,0,0.3,16.56,
2,2019-01-01 00:26:52,2019-01-01 00:33:12,1,.98,1,N,237,43,1,6,0.5,0.5,1.82,0,0.3,9.12,
2,2019-01-01 00:42:40,2019-01-01 00:54:40,2,1.47,1,N,161,140,2,9,0.5,0.5,0,0,0.3,10.3,
2,2019-01-01 00:29:57,2019-01-01 00:43:42,2,.69,1,N,68,234,1,9.5,0.5,0.5,2,0,0.3,12.8,
2,2019-01-01 00:48:11,2019-01-01 01:01:36,2,1.87,1,N,234,246,1,10.5,0.5,0.5,2.36,0,0.3,14.16,
1,2019-01-01 00:23:53,2019-01-01 00:47:38,2,3.10,1,N,68,237,2,16,0.5,0.5,0,0,0.3,17.3,
1,2019-01-01 00:50:23,2019-01-01 00:59:22,1,2.00,1,N,237,162,1,9,0.5,0.5,3.05,0,0.3,13.35,
2,2019-01-01 00:29:09,2019-01-01 00:44:53,1,2.69,1,N,142,262,1,12.5,0.5,0.5,3.45,0,0.3,17.25,
2,2019-01-01 00:51:36,2019-01-01 00:55:55,1,.90,1,N,75,238,2,5.5,0.5,0.5,0,0,0.3,6.8,
2,2019-01-01 00:05:41,2019-01-01 00:11:01,1,1.67,1,N,141,137,1,6.5,0.5,0.5,1.56,0,0.3,9.36,
1,2019-01-01 00:45:46,2019-01-01 01:08:59,2,2.20,1,N,68,48,1,15.5,0.5,0.5,3.35,0,0.3,20.15,
2,2019-01-01 00:20:25,2019-01-01 00:32:20,2,3.52,1,N,107,209,2,13,0.5,0.5,0,0,0.3,14.3,
2,2019-01-01 00:41:50,2019-01-01 01:00:06,1,5.26,1,N,209,181,1,17.5,0.5,0.5,3.76,0,0.3,22.56,
2,2019-01-01 00:12:40,2019-01-01 00:18:03,1,.49,1,N,161,161,2,5,0.5,0.5,0,0,0.3,6.3,
2,2019-01-01 00:23:59,2019-01-01 00:27:02,1,.47,1,N,161,229,1,4,0.5,0.5,1.59,0,0.3,6.89,
2,2019-01-01 00:27:48,2019-01-01 00:35:13,1,1.85,1,N,229,236,1,8,0.5,0.5,2,0,0.3,11.3,
2,2019-01-01 00:42:08,2019-01-01 00:44:30,1,.60,1,N,236,263,1,4,0.5,0.5,1.06,0,0.3,6.36,
2,2019-01-01 00:52:23,2019-01-01 00:55:10,1,.72,1,N,263,141,1,4.5,0.5,0.5,1.16,0,0.3,6.96,
1,2019-01-01 00:07:33,2019-01-01 00:20:17,1,2.00,1,N,68,144,1,10,0.5,0.5,3.35,0,0.3,14.65,
1,2019-01-01 00:26:20,2019-01-01 00:34:54,1,1.20,1,N,211,90,1,7.5,0.5,0.5,1.75,0,0.3,10.55,
1,2019-01-01 00:36:13,2019-01-01 00:41:22,2,.90,1,N,90,246,1,5.5,0.5,0.5,1.35,0,0.3,8.15,
1,2019-01-01 00:43:51,2019-01-01 00:57:01,3,1.10,1,N,68,48,1,9.5,0.5,0.5,2,0,0.3,12.8,
2,2019-01-01 00:25:55,2019-01-01 00:46:43,1,2.30,1,N,79,164,1,14,0.5,0.5,3.06,0,0.3,18.36,
2,2019-01-01 00:49:27,2019-01-01 01:01:38,1,1.11,1,N,100,234,2,9,0.5,0.5,0,0,0.3,10.3,
2,2019-01-01 00:25:57,2019-01-01 00:48:07,1,4.93,1,N,68,25,1,18.5,0.5,0.5,3.96,0,0.3,23.76,
2,2019-01-01 00:15:50,2019-01-01 00:30:11,1,3.40,1,N,151,161,1,13.5,0.5,0.5,2.96,0,0.3,17.76,
2,2019-01-01 00:33:40,2019-01-01 00:41:47,1,1.00,1,N,161,163,2,7,0.5,0.5,0,0,0.3,8.3,
2,2019-01-01 00:43:42,2019-01-01 00:58:10,1,2.23,1,N,142,141,1,11.5,0.5,0.5,3.2,0,0.3,16,
1,2019-01-01 00:03:17,2019-01-01 00:22:52,1,1.00,1,N,164,186,2,12.5,0.5,0.5,0,0,0.3,13.8,
1,2019-01-01 00:28:46,2019-01-01 00:47:13,1,1.60,1,N,186,48,2,12.5,0.5,0.5,0,0,0.3,13.8,
1,2019-01-01 00:52:39,2019-01-01 00:59:21,1,2.00,1,N,48,238,1,8,0.5,0.5,1.86,0,0.3,11.16,
1,2019-01-01 00:22:23,2019-01-01 00:31:29,3,2.10,1,N,264,244,2,9.5,0.5,0.5,0,0,0.3,10.8,
1,2019-01-01 00:42:16,2019-01-01 00:46:08,4,.60,1,N,166,151,1,5,0.5,0.5,0.7,0,0.3,7,
1,2019-01-01 00:52:21,2019-01-01 00:56:37,3,.70,1,N,239,143,1,5,0.5,0.5,1.55,0,0.3,7.85,
2,2019-01-01 00:33:02,2019-01-01 00:45:09,2,1.68,1,N,231,79,1,9.5,0.5,0.5,2.7,0,0.3,13.5,
2,2019-01-01 00:47:09,2019-01-01 01:17:31,2,7.19,1,N,79,41,1,26,0.5,0.5,5,0,0.3,32.3,
2,2019-01-01 00:23:14,2019-01-01 00:43:00,2,4.04,1,N,234,263,2,15.5,0.5,0.5,0,0,0.3,16.8,
2,2019-01-01 00:43:33,2019-01-01 00:47:29,2,1.30,1,N,263,74,1,5.5,0.5,0.5,1.36,0,0.3,8.16,
2,2019-01-01 00:52:23,2019-01-01 01:13:46,2,6.77,1,N,74,68,1,22.5,0.5,0.5,2,0,0.3,25.8,
1,2019-01-01 00:11:11,2019-01-01 00:15:50,1,.80,1,N,24,238,1,5.5,0.5,0.5,1.7,0,0.3,8.5,
1,2019-01-01 00:22:56,2019-01-01 00:38:17,1,2.20,1,N,239,50,1,12,0.5,0.5,2,0,0.3,15.3,
1,2019-01-01 00:43:38,2019-01-01 00:56:12,2,3.10,1,N,50,24,1,12,0.5,0.5,2.65,0,0.3,15.95,
1,2019-01-01 00:16:25,2019-01-01 00:21:22,1,.70,1,N,161,229,1,5,0.5,0.5,1.25,0,0.3,7.55,
1,2019-01-01 00:30:40,2019-01-01 00:43:34,2,1.30,1,N,161,170,2,9,0.5,0.5,0,0,0.3,10.3,
2,2019-01-01 00:14:48,2019-01-01 00:22:57,5,2.37,1,N,137,141,2,9,0.5,0.5,0,0,0.3,10.3,
2,2019-01-01 00:28:58,2019-01-01 00:39:52,5,2.89,1,N,141,166,1,11,0.5,0.5,2.46,0,0.3,14.76,
1,2019-01-01 00:11:02,2019-01-01 00:17:25,3,1.00,1,N,237,140,1,6.5,0.5,0.5,1.56,0,0.3,9.36,
1,2019-01-01 00:20:46,2019-01-01 00:28:09,3,1.50,1,N,262,229,2,7.5,0.5,0.5,0,0,0.3,8.8,
2,2019-01-01 00:17:36,2019-01-01 00:37:33,1,2.78,1,N,79,48,1,14.5,0.5,0.5,3.16,0,0.3,18.96,
2,2019-01-01 00:43:07,2019-01-01 01:05:13,1,3.12,1,N,48,163,1,16,0.5,0.5,3.46,0,0.3,20.76,
2,2019-01-01 00:26:54,2019-01-01 00:39:16,2,2.05,1,N,114,231,1,9.5,0.5,0.5,0.2,0,0.3,11,
2,2019-01-01 00:45:21,2019-01-01 00:48:42,3,1.13,1,N,231,114,1,5,0.5,0.5,1.26,0,0.3,7.56,
2,2019-01-01 00:50:02,2019-01-01 01:01:19,3,2.06,1,N,114,261,2,9.5,0.5,0.5,0,0,0.3,10.8,
2,2019-01-01 00:26:51,2019-01-01 00:30:55,1,1.17,1,N,211,234,1,5.5,0.5,0.5,1.36,0,0.3,8.16,
2,2019-01-01 00:42:54,2019-01-01 00:52:47,2,.75,1,N,68,246,1,7.5,0.5,0.5,1.76,0,0.3,10.56,
2,2019-01-01 00:53:43,2019-01-01 01:09:15,2,2.06,1,N,246,170,2,11,0.5,0.5,0,0,0.3,12.3,
1,2019-01-01 00:12:24,2019-01-01 00:21:23,2,.90,1,N,48,246,1,7,0.5,0.5,1.65,0,0.3,9.95,
1,2019-01-01 00:22:03,2019-01-01 00:48:27,2,1.90,1,N,246,164,1,16,0.5,0.5,3.45,0,0.3,20.75,
1,2019-01-01 00:28:49,2019-01-01 00:32:31,1,.30,1,N,148,79,1,4.5,0.5,0.5,1.4,0,0.3,7.2,
1,2019-01-01 00:35:07,2019-01-01 00:39:59,1,.60,1,N,79,79,1,5,0.5,0.5,1.25,0,0.3,7.55,
1,2019-01-01 00:54:08,2019-01-01 01:21:59,1,4.30,1,N,234,162,1,20,0.5,0.5,2,0,0.3,23.3,
2,2018-12-31 23:59:06,2019-01-01 00:00:00,1,.33,1,N,42,42,2,3,0.5,0.5,0,0,0.3,4.3,
2,2019-01-01 00:26:23,2019-01-01 00:34:58,1,2.21,1,N,239,166,2,9.5,0.5,0.5,0,0,0.3,10.8,
2,2019-01-01 00:42:33,2019-01-01 01:25:20,1,16.69,1,N,238,14,1,49.5,0.5,0.5,11.31,5.76,0.3,67.87,
2,2019-01-01 00:32:31,2019-01-01 01:20:16,2,11.13,1,N,90,54,1,39.5,0.5,0.5,0,0,0.3,40.8,
2,2019-01-01 00:30:29,2019-01-01 00:34:17,2,.39,1,N,114,79,1,4.5,0.5,0.5,1.16,0,0.3,6.96,
2,2019-01-01 00:38:56,2019-01-01 00:59:31,3,4.38,1,N,79,140,2,17.5,0.5,0.5,0,0,0.3,18.8,
2,2019-01-01 00:29:06,2019-01-01 00:38:18,4,.96,1,N,234,164,1,7.5,0.5,0.5,1.76,0,0.3,10.56,
2,2019-01-01 00:52:25,2019-01-01 00:58:35,3,.22,1,N,170,161,1,5.5,0.5,0.5,1.36,0,0.3,8.16,
2,2019-01-01 00:22:42,2019-01-01 00:49:27,2,4.59,1,N,264,264,1,19.5,0.5,0.5,4,0,0.3,24.8,
2,2019-01-01 00:58:32,2019-01-01 01:14:29,2,5.92,1,N,140,87,1,18.5,0.5,0.5,4,0,0.3,23.8,
2,2019-01-01 00:18:32,2019-01-01 00:25:18,2,1.31,1,N,43,162,2,7,0.5,0.5,0,0,0.3,8.3,
2,2019-01-01 00:29:19,2019-01-01 00:32:50,2,.71,1,N,162,237,1,4.5,0.5,0.5,1.16,0,0.3,6.96,
2,2019-01-01 00:33:48,2019-01-01 00:37:41,2,.75,1,N,237,229,2,5,0.5,0.5,0,0,0.3,6.3,
2,2019-01-01 00:45:51,2019-01-01 00:59:05,2,1.53,1,N,107,148,2,9.5,0.5,0.5,0,0,0.3,10.8,
4,2019-01-01 00:29:38,2019-01-01 00:39:59,1,1.00,1,N,249,79,2,8,0.5,0.5,0,0,0.3,9.3,
4,2019-01-01 00:41:52,2019-01-01 00:46:30,1,.70,1,N,107,107,1,5,0.5,0.5,1.89,0,0.3,8.19,
4,2019-01-01 00:52:26,2019-01-01 01:04:54,1,1.62,1,N,164,163,1,9.5,0.5,0.5,1,0,0.3,11.8,
2,2019-01-01 00:16:52,2019-01-01 00:22:11,1,1.21,1,N,142,238,1,6,0.5,0.5,1.1,0,0.3,8.4,
2,2019-01-01 00:28:33,2019-01-01 00:40:26,1,5.96,1,N,239,244,1,18,0.5,0.5,5,0,0.3,24.3,
2,2019-01-01 00:56:54,2019-01-01 01:00:37,1,.59,1,N,239,239,2,4.5,0.5,0.5,0,0,0.3,5.8,
2,2019-01-01 00:40:00,2019-01-01 01:02:22,1,2.71,1,N,162,68,1,15,0.5,0.5,0,0,0.3,16.3,
1,2019-01-01 00:31:39,2019-01-01 00:54:31,2,9.80,1,N,107,243,1,29.5,0.5,0.5,9.2,0,0.3,40,
2,2019-01-01 00:20:03,2019-01-01 00:26:22,6,1.16,1,N,43,162,2,6.5,0.5,0.5,0,0,0.3,7.8,
2,2019-01-01 00:48:55,2019-01-01 00:57:43,5,1.58,1,N,162,237,1,8,0.5,0.5,1.86,0,0.3,11.16,
2,2019-01-01 00:09:20,2019-01-01 00:26:43,1,3.97,1,N,234,239,2,15.5,0.5,0.5,0,0,0.3,16.8,
2,2019-01-01 00:28:16,2019-01-01 00:32:32,1,1.60,1,N,239,166,2,6.5,0.5,0.5,0,0,0.3,7.8,
2,2019-01-01 00:33:27,2019-01-01 00:44:02,1,2.27,1,N,166,236,1,10,0.5,0.5,2.26,0,0.3,13.56,
2,2019-01-01 00:52:05,2019-01-01 01:00:05,1,1.65,1,N,237,236,2,8,0.5,0.5,0,0,0.3,9.3,
2,2019-01-01 00:11:35,2019-01-01 00:27:48,1,6.72,1,N,237,87,2,21,0.5,0.5,0,0,0.3,22.3,
2,2019-01-01 00:30:50,2019-01-01 00:48:41,1,5.53,1,N,88,164,2,19.5,0.5,0.5,0,0,0.3,20.8,
2,2019-01-01 00:56:11,2019-01-01 01:02:12,1,1.41,1,N,164,163,1,6.5,0.5,0.5,1.56,0,0.3,9.36,
2,2019-01-01 00:28:25,2019-01-01 01:00:19,2,5.35,1,N,107,181,1,23.5,0.5,0.5,6.2,0,0.3,31,
2,2019-01-01 00:39:34,2019-01-01 00:52:05,1,1.33,1,N,249,125,2,9.5,0.5,0.5,0,0,0.3,10.8,
2,2019-01-01 00:54:35,2019-01-01 01:02:31,1,1.11,1,N,114,90,2,7,0.5,0.5,0,0,0.3,8.3,
1,2019-01-01 00:21:17,2019-01-01 00:36:45,1,3.10,1,N,50,249,1,13,0.5,0.5,2.85,0,0.3,17.15,
1,2019-01-01 00:40:30,2019-01-01 01:00:21,1,1.90,1,N,68,137,1,13,0.5,0.5,2.85,0,0.3,17.15,
1,2019-01-01 00:15:00,2019-01-01 00:21:49,1,1.10,1,N,79,148,1,6,0.5,0.5,1.45,0,0.3,8.75,
1,2019-01-01 00:28:23,2019-01-01 00:45:50,1,4.90,1,N,79,145,1,16.5,0.5,0.5,4.45,0,0.3,22.25,
1,2019-01-01 00:20:58,2019-01-01 00:23:24,1,1.10,1,N,234,90,1,3.5,0.5,0.5,1.4,0,0.3,6.2,
1,2019-01-01 00:28:06,2019-01-01 00:39:13,2,1.40,1,N,234,114,1,9,0.5,0.5,1.24,0,0.3,11.54,
1,2019-01-01 00:41:08,2019-01-01 00:57:23,1,4.00,1,N,114,263,1,14.5,0.5,0.5,3.16,0,0.3,18.96,
1,2019-01-01 00:59:00,2019-01-01 01:16:38,2,3.90,1,N,236,42,1,15.5,0.5,0.5,5,0,0.3,21.8,
2,2019-01-01 00:24:13,2019-01-01 00:54:54,1,4.73,1,N,142,107,1,21.5,0.5,0.5,3,0,0.3,25.8,
2,2019-01-01 00:56:12,2019-01-01 01:07:00,1,1.15,1,N,107,79,1,8.5,0.5,0.5,5,0,0.3,14.8,
2,2019-01-01 00:20:07,2019-01-01 00:27:39,1,1.40,1,N,100,249,2,7,0.5,0.5,0,0,0.3,8.3,
2,2019-01-01 00:35:11,2019-01-01 00:48:18,1,1.37,1,N,234,170,1,9.5,0.5,0.5,3.24,0,0.3,14.04,
2,2019-01-01 00:57:02,2019-01-01 01:20:54,1,3.77,1,N,164,87,1,17,0.5,0.5,3.66,0,0.3,21.96,
2,2019-01-01 00:37:09,2019-01-01 00:51:13,2,2.05,1,N,234,4,1,10.5,0.5,0.5,2.36,0,0.3,14.16,
2,2019-01-01 00:10:24,2019-01-01 00:26:40,1,2.77,1,N,263,170,2,12.5,0.5,0.5,0,0,0.3,13.8,
2,2019-01-01 00:37:30,2019-01-01 00:52:13,1,2.60,1,N,233,113,1,11.5,0.5,0.5,0.07,0,0.3,12.87,
2,2019-01-01 00:54:06,2019-01-01 00:55:15,1,.33,1,N,234,90,1,3,0.5,0.5,0.86,0,0.3,5.16,
2,2019-01-01 00:57:03,2019-01-01 01:16:12,1,2.06,1,N,234,148,1,13,0.5,0.5,5,0,0.3,19.3,
2,2019-01-01 00:23:08,2019-01-01 00:57:17,1,4.47,1,N,211,142,1,22.5,0.5,0.5,3,0,0.3,26.8,
2,2019-01-01 00:17:09,2019-01-01 00:32:12,1,3.66,1,N,48,236,2,14,0.5,0.5,0,0,0.3,15.3,
2,2019-01-01 00:46:56,2019-01-01 01:00:31,1,1.93,1,N,142,246,2,10,0.5,0.5,0,0,0.3,11.3,
1,2019-01-01 00:45:31,2019-01-01 00:54:36,1,1.00,1,N,261,261,2,7.5,0.5,0.5,0,0,0.3,8.8,
1,2019-01-01 00:57:32,2019-01-01 01:04:17,4,1.30,1,N,261,144,1,7,0.5,0.5,1.65,0,0.3,9.95,
1,2019-01-01 00:12:16,2019-01-01 00:38:13,1,15.50,1,N,75,130,1,42.5,0.5,0.5,0,5.76,0.3,49.56,
2,2019-01-01 00:08:35,2019-01-01 00:20:56,2,2.87,1,N,239,246,1,12,0.5,0.5,2.66,0,0.3,15.96,
2,2019-01-01 00:39:25,2019-01-01 00:56:34,2,1.43,1,N,90,137,1,11.5,0.5,0.5,2.56,0,0.3,15.36,
2,2019-01-01 00:57:41,2019-01-01 01:08:02,2,1.03,1,N,137,186,1,8,0.5,0.5,1,0,0.3,10.3,
2,2019-01-01 00:10:17,2019-01-01 00:24:37,5,1.78,1,N,90,90,1,10.5,0.5,0.5,2.36,0,0.3,14.16,
2,2019-01-01 00:25:31,2019-01-01 00:37:38,5,1.96,1,N,90,229,1,9.5,0.5,0.5,2.16,0,0.3,12.96,
2,2019-01-01 00:43:43,2019-01-01 00:50:22,5,1.33,1,N,170,79,1,6.5,0.5,0.5,1.56,0,0.3,9.36,
1,2019-01-01 00:36:35,2019-01-01 00:39:21,1,.50,1,N,234,113,2,4,0.5,0.5,0,0,0.3,5.3,
1,2019-01-01 00:42:34,2019-01-01 01:11:32,1,3.20,1,N,249,161,2,19,0.5,0.5,0,0,0.3,20.3,
1,2019-01-01 00:36:42,2019-01-01 01:03:43,1,5.50,1,N,179,256,1,22,0.5,0.5,30,0,0.3,53.3,
2,2019-01-01 00:16:15,2019-01-01 00:17:13,5,.07,1,N,237,236,1,2.5,0.5,0.5,1,0,0.3,4.8,
2,2019-01-01 00:32:58,2019-01-01 00:42:17,4,1.77,1,N,237,233,1,8.5,0.5,0.5,1.96,0,0.3,11.76,
2,2019-01-01 00:51:55,2019-01-01 01:13:23,5,1.27,1,N,161,230,1,13.5,0.5,0.5,3.7,0,0.3,18.5,
2,2019-01-01 00:34:25,2019-01-01 00:54:26,3,8.41,1,N,132,63,2,25.5,0.5,0.5,0,0,0.3,26.8,
1,2019-01-01 00:21:36,2019-01-01 00:31:36,1,2.90,1,N,163,238,1,11,0.5,0.5,2.45,0,0.3,14.75,
1,2019-01-01 00:33:49,2019-01-01 00:39:38,2,1.00,1,N,238,239,1,6.5,0.5,0.5,1.55,0,0.3,9.35,
1,2019-01-01 00:47:21,2019-01-01 00:48:49,1,.00,1,N,142,142,2,3,0.5,0.5,0,0,0.3,4.3,
1,2019-01-01 00:32:54,2019-01-01 00:55:44,1,5.70,1,N,7,107,2,20.5,0.5,0.5,0,0,0.3,21.8,
2,2019-01-01 00:28:39,2019-01-01 00:37:39,2,1.41,1,N,114,107,1,8,0.5,0.5,1.86,0,0.3,11.16,
2,2019-01-01 00:41:41,2019-01-01 00:50:30,2,1.38,1,N,107,125,1,8,0.5,0.5,1.86,0,0.3,11.16,
2,2019-01-01 00:52:47,2019-01-01 01:26:28,1,6.32,1,N,249,75,1,25.5,0.5,0.5,5.36,0,0.3,32.16,
1,2019-01-01 00:27:24,2019-01-01 00:37:51,3,2.40,1,N,148,233,1,10,0.5,0.5,0.06,0,0.3,11.36,
1,2019-01-01 00:53:34,2019-01-01 01:02:24,3,2.30,1,N,229,263,2,9,0.5,0.5,0,0,0.3,10.3,
2,2019-01-01 00:05:19,2019-01-01 00:07:31,1,.52,1,N,170,233,1,4,0.5,0.5,1.32,0,0.3,6.62,
2,2019-01-01 00:20:14,2019-01-01 00:27:38,1,1.94,1,N,161,137,1,8,0.5,0.5,2.32,0,0.3,11.62,
2,2019-01-01 00:37:13,2019-01-01 00:50:34,1,1.96,1,N,79,158,1,10,0.5,0.5,2.26,0,0.3,13.56,
2,2019-01-01 00:52:14,2019-01-01 01:00:54,1,1.65,1,N,158,90,1,8,0.5,0.5,11.11,0,0.3,20.41,
1,2019-01-01 00:56:12,2019-01-01 01:15:22,2,2.90,1,N,100,142,1,14,0.5,0.5,3.05,0,0.3,18.35,
1,2019-01-01 00:14:41,2019-01-01 00:35:07,1,2.00,1,N,249,170,1,13.5,0.5,0.5,2.95,0,0.3,17.75,
1,2019-01-01 00:46:46,2019-01-01 00:52:52,1,.60,1,N,90,68,1,5.5,0.5,0.5,1.36,0,0.3,8.16,
1,2019-01-01 00:55:01,2019-01-01 01:06:29,1,1.40,1,N,68,234,2,8.5,0.5,0.5,0,0,0.3,9.8,
2,2019-01-01 00:17:45,2019-01-01 00:19:21,2,.34,1,N,162,162,2,3.5,0.5,0.5,0,0,0.3,4.8,
2,2019-01-01 00:32:34,2019-01-01 00:38:36,2,1.75,1,N,237,236,2,7,0.5,0.5,0,0,0.3,8.3,
2,2019-01-01 00:40:22,2019-01-01 00:46:57,2,1.12,1,N,236,262,1,6.5,0.5,0.5,1.56,0,0.3,9.36,
2,2019-01-01 00:31:53,2019-01-01 00:42:47,1,1.75,1,N,249,79,2,8.5,0.5,0.5,0,0,0.3,9.8,
2,2019-01-01 00:43:35,2019-01-01 00:59:38,1,3.00,1,N,79,13,2,13,0.5,0.5,0,0,0.3,14.3,
1,2019-01-01 00:47:37,2019-01-01 01:14:03,3,3.30,1,N,169,168,1,18,0.5,0.5,0,0,0.3,19.3,
2,2019-01-01 00:24:47,2019-01-01 00:28:21,1,.49,1,N,265,141,1,4.5,0.5,0.5,0,0,0.3,5.8,
2,2019-01-01 00:30:29,2019-01-01 00:46:20,1,4.79,1,N,141,152,1,16,0.5,0.5,4.33,0,0.3,21.63,
2,2019-01-01 00:48:49,2019-01-01 01:06:10,1,5.65,1,N,152,50,1,19.5,0.5,0.5,4.16,0,0.3,24.96,
1,2019-01-01 00:07:00,2019-01-01 00:10:58,2,.80,1,N,45,87,1,5,0.5,0.5,1.25,0,0.3,7.55,
1,2019-01-01 00:18:25,2019-01-01 00:46:30,1,13.70,1,N,45,73,2,39.5,0.5,0.5,0,0,0.3,40.8,
2,2019-01-01 01:16:30,2019-01-01 01:25:29,2,1.59,1,N,164,68,2,8,0.5,0.5,0,0,0.3,9.3,
2,2019-01-01 01:25:48,2019-01-01 01:38:06,2,2.31,1,N,68,233,2,10.5,0.5,0.5,0,0,0.3,11.8,
2,2019-01-01 01:43:19,2019-01-01 01:53:49,2,1.86,1,N,137,230,1,9,0.5,0.5,0,0,0.3,10.3,
2,2019-01-01 01:56:04,2019-01-01 02:10:20,2,1.17,1,N,230,233,1,10,0.5,0.5,2.82,0,0.3,14.12,
2,2019-01-01 00:24:34,2019-01-01 00:54:51,4,4.94,1,N,107,74,1,21.5,0.5,0.5,4.56,0,0.3,27.36,
2,2019-01-01 00:37:00,2019-01-01 00:45:19,1,1.29,1,N,68,162,1,7.5,0.5,0.5,1.76,0,0.3,10.56,
2,2019-01-01 00:11:24,2019-01-01 00:16:29,6,1.37,1,N,236,151,1,6.5,0.5,0.5,1.95,0,0.3,9.75,
2,2019-01-01 00:19:09,2019-01-01 00:28:39,6,2.08,1,N,151,142,2,9.5,0.5,0.5,0,0,0.3,10.8,
2,2019-01-01 00:32:30,2019-01-01 00:45:12,6,2.60,1,N,142,236,1,11.5,0.5,0.5,1.92,0,0.3,14.72,
2,2019-01-01 00:51:03,2019-01-01 00:59:40,1,1.64,1,N,113,186,1,8,0.5,0.5,1.86,0,0.3,11.16,
1,2019-01-01 00:07:41,2019-01-01 00:24:13,1,5.60,1,N,249,24,1,18,0.5,0.5,3.85,0,0.3,23.15,
1,2019-01-01 00:26:03,2019-01-01 00:51:26,1,8.30,1,N,166,4,2,26.5,0.5,0.5,0,0,0.3,27.8,
1,2019-01-01 00:53:06,2019-01-01 01:00:45,1,1.20,1,N,4,114,1,7,0.5,0.5,3,0,0.3,11.3,
1,2019-01-01 00:06:03,2019-01-01 00:23:04,2,2.30,1,N,48,229,2,12.5,0.5,0.5,0,0,0.3,13.8,
1,2019-01-01 00:41:59,2019-01-01 00:59:00,3,.80,1,N,161,164,2,11,0.5,0.5,0,0,0.3,12.3,
2,2019-01-01 00:16:33,2019-01-01 00:32:31,1,3.75,1,N,79,262,2,14,0.5,0.5,0,0,0.3,15.3,
2,2019-01-01 00:36:26,2019-01-01 00:42:10,1,.90,1,N,262,237,1,5.5,0.5,0.5,1.36,0,0.3,8.16,
2,2019-01-01 00:44:31,2019-01-01 00:55:36,1,2.18,1,N,237,170,1,10,0.5,0.5,2.26,0,0.3,13.56,
1,2019-01-01 00:12:49,2019-01-01 00:15:56,2,1.00,1,N,229,141,2,5,0.5,0.5,0,0,0.3,6.3,
1,2019-01-01 00:39:03,2019-01-01 00:56:09,3,1.90,1,N,162,234,2,11.5,0.5,0.5,0,0,0.3,12.8,
1,2019-01-01 00:05:06,2019-01-01 00:11:25,1,1.50,1,N,137,229,2,7,0.5,0.5,0,0,0.3,8.3,
1,2019-01-01 00:20:47,2019-01-01 00:44:09,1,9.60,1,N,170,197,2,28.5,0.5,0.5,0,5.76,0.3,35.56,
2,2019-01-01 00:08:37,2019-01-01 00:23:47,2,3.57,1,N,107,262,1,13.5,0.5,0.5,2.96,0,0.3,17.76,
2,2019-01-01 00:33:35,2019-01-01 00:52:55,2,2.40,1,N,141,48,1,13.5,0.5,0.5,2.96,0,0.3,17.76,
2,2019-01-01 00:54:05,2019-01-01 01:12:20,3,3.13,1,N,48,162,1,14,0.5,0.5,3.06,0,0.3,18.36,
2,2019-01-01 00:28:50,2019-01-01 00:36:51,2,2.40,1,N,229,262,2,9,0.5,0.5,0,0,0.3,10.3,
2,2019-01-01 00:42:28,2019-01-01 00:51:34,2,3.24,1,N,263,159,2,11.5,0.5,0.5,0,0,0.3,12.8,
2,2019-01-01 00:20:09,2019-01-01 00:39:34,1,3.00,1,N,161,79,2,14,0.5,0.5,0,0,0.3,15.3,
2,2019-01-01 00:42:12,2019-01-01 00:56:55,1,2.59,1,N,79,162,1,11.5,0.5,0.5,2.56,0,0.3,15.36,
2,2019-01-01 00:35:41,2019-01-01 01:07:32,1,4.59,1,N,234,263,1,21.5,0.5,0.5,5.7,0,0.3,28.5,
1,2019-01-01 00:01:16,2019-01-01 00:09:52,1,1.50,1,N,89,85,2,8,0.5,0.5,0,0,0.3,9.3,
1,2019-01-01 00:32:11,2019-01-01 00:58:55,1,12.80,1,N,13,119,2,36,0.5,0.5,0,0,0.3,37.3,
1,2019-01-01 00:34:07,2019-01-01 00:47:46,2,2.60,1,N,161,263,1,11.5,0.5,0.5,2.55,0,0.3,15.35,
1,2019-01-01 00:51:53,2019-01-01 01:05:33,1,3.20,1,N,263,107,1,12,0.5,0.5,2.65,0,0.3,15.95,
2,2019-01-01 00:19:28,2019-01-01 00:25:32,1,.78,1,N,249,114,2,5.5,0.5,0.5,0,0,0.3,6.8,
2,2019-01-01 00:26:51,2019-01-01 00:57:29,1,6.16,1,N,114,75,2,23,0.5,0.5,0,0,0.3,24.3,
1,2019-01-01 00:22:49,2019-01-01 00:56:53,2,12.10,1,N,138,50,1,37,0.5,0.5,4.98,11.52,0.3,54.8,
1,2019-01-01 00:57:46,2019-01-01 01:03:28,2,.80,1,N,50,48,2,5.5,0.5,0.5,0,0,0.3,6.8,
2,2019-01-01 00:10:16,2019-01-01 00:14:31,1,.72,1,N,238,238,1,5,0.5,0.5,1.58,0,0.3,7.88,
2,2019-01-01 00:17:08,2019-01-01 00:23:47,1,1.21,1,N,238,236,1,6.5,0.5,0.5,1.56,0,0.3,9.36,
2,2019-01-01 00:25:30,2019-01-01 00:28:59,1,.66,1,N,236,236,1,4.5,0.5,0.5,1.16,0,0.3,6.96,
2,2019-01-01 00:34:36,2019-01-01 00:44:20,1,2.22,1,N,236,170,1,9.5,0.5,0.5,2.16,0,0.3,12.96,
2,2019-01-01 00:11:54,2019-01-01 00:19:15,2,1.88,1,N,114,87,1,8,0.5,0.5,2.32,0,0.3,11.62,
2,2019-01-01 00:21:58,2019-01-02 00:19:15,1,5.16,1,N,88,170,2,16.5,0.5,0.5,0,0,0.3,17.8,
2,2019-01-01 00:55:11,2019-01-01 00:57:01,1,.11,1,N,161,230,2,3,0.5,0.5,0,0,0.3,4.3,
1,2019-01-01 00:02:36,2019-01-01 00:16:08,2,1.40,1,N,164,246,1,10,0.5,0.5,2.25,0,0.3,13.55,
1,2019-01-01 00:39:57,2019-01-01 00:45:57,1,.80,1,N,249,125,1,6,0.5,0.5,1.83,0,0.3,9.13,
1,2019-01-01 00:50:05,2019-01-01 00:56:37,1,.90,1,N,211,231,1,6,0.5,0.5,1.8,0,0.3,9.1,
1,2019-01-01 00:57:44,2019-01-01 01:07:14,2,2.10,1,N,231,234,1,9,0.5,0.5,2.05,0,0.3,12.35,
2,2019-01-01 00:24:34,2019-01-01 00:36:06,1,1.87,1,N,107,114,2,9.5,0.5,0.5,0,0,0.3,10.8,
2,2019-01-01 00:38:48,2019-01-01 00:57:16,1,3.05,1,N,114,162,1,14,0.5,0.5,1.53,0,0.3,16.83,
2,2019-01-01 00:13:37,2019-01-01 00:20:57,5,1.19,1,N,249,79,1,6.5,0.5,0.5,1,0,0.3,8.8,
2,2019-01-01 00:24:21,2019-01-01 00:42:42,4,4.79,1,N,114,263,1,16.5,0.5,0.5,3.56,0,0.3,21.36,
2,2019-01-01 00:44:41,2019-01-01 00:54:28,6,1.88,1,N,263,229,2,9,0.5,0.5,0,0,0.3,10.3,
1,2019-01-01 00:05:40,2019-01-01 00:35:56,1,2.30,1,N,162,186,1,18.5,0.5,0.5,3.96,0,0.3,23.76,
1,2019-01-01 00:35:52,2019-01-01 00:44:10,1,3.00,1,N,162,75,2,10,0.5,0.5,0,0,0.3,11.3,
1,2019-01-01 00:48:01,2019-01-01 00:50:40,0,.50,1,N,236,75,1,4,0.5,0.5,1.3,0,0.3,6.6,
1,2019-01-01 00:57:32,2019-01-01 01:07:28,0,2.00,1,N,43,233,2,9,0.5,0.5,0,0,0.3,10.3,
1,2019-01-01 00:30:58,2019-01-01 00:39:50,2,1.90,1,N,162,140,2,9,0.5,0.5,0,0,0.3,10.3,
1,2019-01-01 00:43:28,2019-01-01 00:48:59,2,1.50,1,N,262,238,1,7,0.5,0.5,2.05,0,0.3,10.35,
1,2019-01-01 00:52:03,2019-01-01 01:06:49,2,7.90,1,N,238,220,1,23.5,0.5,0.5,6.85,2.64,0.3,34.29,
2,2019-01-01 00:17:29,2019-01-01 00:25:13,1,2.02,1,N,163,236,2,8,0.5,0.5,0,0,0.3,9.3,
2,2019-01-01 00:28:04,2019-01-01 00:37:43,1,2.71,1,N,43,74,2,10.5,0.5,0.5,0,0,0.3,11.8,
2,2019-01-01 00:44:44,2019-01-01 00:54:45,1,2.07,1,N,236,142,1,10,0.5,0.5,2.03,0,0.3,13.33,
1,2019-01-01 00:18:14,2019-01-01 00:19:25,1,.10,1,N,90,68,2,2.5,0.5,0.5,0,0,0.3,3.8,
1,2019-01-01 00:42:49,2019-01-01 01:04:55,1,4.00,1,N,107,239,1,16.5,0.5,0.5,4.45,0,0.3,22.25,
1,2019-01-01 00:54:14,2019-01-01 01:03:45,0,2.10,1,N,170,141,2,9,0.5,0.5,0,0,0.3,10.3,
2,2019-01-01 00:04:27,2019-01-01 00:21:31,2,1.79,1,N,144,249,1,11.5,0.5,0.5,3.2,0,0.3,16,
2,2019-01-01 00:27:49,2019-01-01 00:36:02,2,1.44,1,N,249,231,2,7.5,0.5,0.5,0,0,0.3,8.8,
2,2019-01-01 00:37:51,2019-01-01 00:41:48,2,1.09,1,N,231,249,1,5.5,0.5,0.5,2.04,0,0.3,8.84,
2,2019-01-01 00:44:49,2019-01-01 01:06:26,2,2.60,1,N,249,246,1,15,0.5,0.5,3.26,0,0.3,19.56,
1,2019-01-01 00:29:22,2019-01-01 00:36:32,2,.00,1,N,114,234,1,7,0.5,0.5,1.65,0,0.3,9.95,
1,2019-01-01 00:44:30,2019-01-01 00:51:31,4,.00,1,N,234,170,2,6.5,0.5,0.5,0,0,0.3,7.8,
1,2019-01-01 00:54:06,2019-01-01 01:03:44,1,.00,1,N,170,162,2,8,0.5,0.5,0,0,0.3,9.3,
1,2019-01-01 00:21:37,2019-01-01 00:44:06,2,3.10,1,N,144,170,2,16,0.5,0.5,0,0,0.3,17.3,
1,2019-01-01 00:46:49,2019-01-01 00:56:48,3,1.50,1,N,264,161,2,8.5,0.5,0.5,0,0,0.3,9.8,
1,2019-01-01 00:58:26,2019-01-01 01:07:45,1,1.10,1,N,161,233,1,7.5,0.5,0.5,1.75,0,0.3,10.55,
4,2019-01-01 00:07:31,2019-01-01 00:11:35,1,.73,1,N,79,4,2,5,0.5,0.5,0,0,0.3,6.3,
4,2019-01-01 00:15:16,2019-01-01 00:31:52,1,2.75,1,N,79,87,2,12.5,0.5,0.5,0,0,0.3,13.8,
4,2019-01-01 00:32:45,2019-01-01 00:44:57,1,3.38,1,N,87,79,1,12.5,0.5,0.5,2,0,0.3,15.8,
4,2019-01-01 00:47:59,2019-01-01 00:56:14,1,1.44,1,N,79,137,2,7.5,0.5,0.5,0,0,0.3,8.8,
1,2019-01-01 00:22:39,2019-01-01 00:29:02,2,1.50,1,N,264,236,2,7,0.5,0.5,0,0,0.3,8.3,
1,2019-01-01 00:31:16,2019-01-01 00:35:17,2,.60,1,N,236,263,2,5,0.5,0.5,0,0,0.3,6.3,
1,2019-01-01 00:47:37,2019-01-01 00:57:01,2,2.20,1,N,263,161,1,9,0.5,0.5,1.55,0,0.3,11.85,
1,2019-01-01 00:59:06,2019-01-01 01:08:06,2,1.10,1,N,264,162,1,7.5,0.5,0.5,1.75,0,0.3,10.55,
1,2019-01-01 00:18:21,2019-01-01 00:32:45,1,3.90,1,N,234,33,1,14,0.5,0.5,2,0,0.3,17.3,
1,2019-01-01 00:33:58,2019-01-01 01:00:43,1,4.60,1,Y,33,17,1,20,0.5,0.5,2,0,0.3,23.3,
2,2019-01-01 00:27:10,2019-01-01 00:46:48,5,3.43,1,N,234,236,1,15,0.5,0.5,3.26,0,0.3,19.56,
2,2019-01-01 00:49:14,2019-01-01 00:54:55,5,1.26,1,N,237,43,1,6.5,0.5,0.5,1.95,0,0.3,9.75,
2,2019-01-01 00:57:43,2019-01-01 01:03:32,5,.82,1,N,236,263,2,5.5,0.5,0.5,0,0,0.3,6.8,
2,2019-01-01 00:46:04,2019-01-01 00:54:06,1,1.44,1,N,237,233,1,7.5,0.5,0.5,1.76,0,0.3,10.56,
2,2019-01-01 00:20:04,2019-01-01 00:23:27,1,.72,1,N,25,33,2,4.5,0.5,0.5,0,0,0.3,5.8,
2,2019-01-01 00:30:10,2019-01-01 00:48:24,1,3.94,1,N,65,234,2,16.5,0.5,0.5,0,0,0.3,17.8,
2,2019-01-01 00:51:00,2019-01-01 01:00:50,1,1.47,1,N,234,68,1,8.5,0.5,0.5,1,0,0.3,10.8,
1,2019-01-01 00:15:14,2019-01-01 00:24:51,4,.70,1,N,264,264,1,7.5,0.5,0.5,1.75,0,0.3,10.55,
1,2019-01-01 00:28:11,2019-01-01 00:41:31,2,1.40,1,N,264,264,1,10,0.5,0.5,2.25,0,0.3,13.55,
1,2019-01-01 00:44:34,2019-01-01 00:49:38,1,1.70,1,N,264,264,2,7,0.5,0.5,0,0,0.3,8.3,
1,2019-01-01 00:53:55,2019-01-01 01:04:25,1,2.80,1,Y,264,264,2,10.5,0.5,0.5,0,0,0.3,11.8,
1,2019-01-01 00:14:43,2019-01-01 00:48:29,1,1.70,1,N,48,170,1,19.5,0.5,0.5,0,0,0.3,20.8,
1,2019-01-01 00:52:28,2019-01-01 00:56:20,1,.50,1,N,234,107,1,4.5,0.5,0.5,1.15,0,0.3,6.95,
1,2019-01-01 00:57:33,2019-01-01 01:08:49,1,1.20,1,N,107,137,1,8.5,0.5,0.5,2.9,0,0.3,12.7,
2,2019-01-01 00:30:46,2019-01-01 00:59:10,1,6.20,1,N,234,202,2,22.5,0.5,0.5,0,0,0.3,23.8,
2,2019-01-01 00:35:44,2019-01-01 00:35:48,1,.00,5,N,244,244,1,7,0,0,0,0,0.3,7.3,
2,2019-01-01 00:53:07,2019-01-01 01:10:21,3,5.43,1,N,42,167,2,18.5,0.5,0.5,0,0,0.3,19.8,
2,2019-01-01 00:07:28,2019-01-01 00:17:09,1,2.85,1,N,249,246,2,10.5,0.5,0.5,0,0,0.3,11.8,
2,2019-01-01 00:48:46,2019-01-01 01:02:26,1,.81,1,N,68,246,2,9.5,0.5,0.5,0,0,0.3,10.8,
2,2019-01-01 00:30:13,2019-01-01 00:59:27,5,4.05,1,N,211,48,1,20.5,0.5,0.5,3.27,0,0.3,25.07,
1,2019-01-01 00:31:48,2019-01-01 00:48:14,1,1.90,1,N,170,237,1,11.5,0.5,0.5,1.92,0,0.3,14.72,
1,2019-01-01 00:56:52,2019-01-01 01:15:09,3,3.40,1,N,68,238,1,14.5,0.5,0.5,3.16,0,0.3,18.96,
2,2019-01-01 00:27:06,2019-01-01 00:34:10,1,.52,1,N,113,234,1,6,0.5,0.5,0.1,0,0.3,7.4,
2,2019-01-01 01:01:56,2019-01-01 01:20:46,1,2.89,1,N,186,238,1,14,0.5,0.5,2,0,0.3,17.3,
2,2019-01-01 00:23:29,2019-01-01 00:27:56,2,.58,1,N,114,158,1,5,0.5,0.5,1.26,0,0.3,7.56,
2,2019-01-01 00:29:46,2019-01-01 00:47:45,2,2.09,1,N,249,137,2,12.5,0.5,0.5,0,0,0.3,13.8,
2,2019-01-01 00:50:18,2019-01-01 01:04:11,2,3.16,1,N,137,263,2,12.5,0.5,0.5,0,0,0.3,13.8,
1,2019-01-01 00:13:20,2019-01-01 00:28:50,3,2.90,1,N,264,264,2,12.5,0.5,0.5,0,0,0.3,13.8,
1,2019-01-01 00:32:31,2019-01-01 00:43:18,1,3.80,1,N,264,264,2,13,0.5,0.5,0,0,0.3,14.3,
1,2019-01-01 00:45:36,2019-01-01 00:57:23,1,2.70,1,N,264,264,2,11.5,0.5,0.5,0,0,0.3,12.8,
2,2019-01-01 00:03:08,2019-01-01 00:10:37,1,.91,1,N,158,114,1,6.5,0.5,0.5,1.56,0,0.3,9.36,
2,2019-01-01 00:18:31,2019-01-01 00:36:47,1,7.70,1,N,144,263,1,24,0.5,0.5,5.06,0,0.3,30.36,
2,2019-01-01 00:48:49,2019-01-01 01:00:47,1,2.89,1,N,140,74,2,11.5,0.5,0.5,0,0,0.3,12.8,
1,2019-01-01 00:11:51,2019-01-01 00:12:52,1,5.70,1,N,249,249,3,3,0.5,0.5,0,0,0.3,4.3,
1,2019-01-01 00:46:29,2019-01-01 00:48:25,1,5.70,1,N,68,100,3,3,0.5,0.5,0,0,0.3,4.3,
1,2019-01-01 00:54:49,2019-01-01 01:51:46,1,11.70,1,N,164,89,2,42.5,0.5,0.5,0,0,0.3,43.8,
2,2019-01-01 00:32:34,2019-01-01 00:43:28,5,3.48,1,N,148,170,1,12.5,0.5,0.5,2.76,0,0.3,16.56,
2,2019-01-01 00:49:25,2019-01-01 01:06:31,5,3.01,1,N,164,143,2,14,0.5,0.5,0,0,0.3,15.3,
2,2019-01-01 00:19:50,2019-01-01 00:37:21,1,4.33,1,N,262,113,1,15.5,0.5,0.5,4.2,0,0.3,21,
2,2019-01-01 00:42:13,2019-01-01 00:53:04,1,2.26,1,N,113,261,1,9.5,0.5,0.5,2.16,0,0.3,12.96,
2,2019-01-01 00:57:38,2019-01-01 01:10:58,1,1.88,1,N,261,148,1,10,0.5,0.5,1.5,0,0.3,12.8,
2,2019-01-01 00:29:57,2019-01-01 00:54:54,3,4.60,1,N,148,48,2,18.5,0.5,0.5,0,0,0.3,19.8,
2,2019-01-01 00:13:50,2019-01-01 00:35:03,1,3.24,1,N,236,48,1,15,0.5,0.5,4.89,0,0.3,21.19,
2,2019-01-01 00:36:58,2019-01-01 00:50:23,1,3.00,1,N,48,238,1,12.5,0.5,0.5,4,0,0.3,17.8,
2,2019-01-01 00:51:50,2019-01-01 01:08:56,1,3.74,1,N,238,162,2,14.5,0.5,0.5,0,0,0.3,15.8,
1,2019-01-01 00:20:16,2019-01-01 00:58:31,1,7.20,1,N,144,89,1,29.5,0.5,0.5,6.15,0,0.3,36.95,
2,2019-01-01 00:45:11,2019-01-01 01:11:41,6,5.17,1,N,234,25,1,20.5,0.5,0.5,4.36,0,0.3,26.16,
2,2019-01-01 00:34:19,2019-01-01 00:41:08,1,.83,1,N,114,158,1,6,0.5,0.5,1.46,0,0.3,8.76,
2,2019-01-01 00:43:14,2019-01-01 00:49:13,3,.88,1,N,158,114,1,5.5,0.5,0.5,1.36,0,0.3,8.16,
2,2019-01-01 00:51:31,2019-01-01 01:31:31,2,11.17,1,N,113,159,1,35,0.5,0.5,7.26,0,0.3,43.56,
2,2019-01-01 00:13:51,2019-01-01 00:41:55,6,3.47,1,N,142,170,1,19,0.5,0.5,5.08,0,0.3,25.38,
2,2019-01-01 00:57:08,2019-01-01 01:04:33,6,.99,1,N,162,170,2,6.5,0.5,0.5,0,0,0.3,7.8,
2,2019-01-01 00:24:20,2019-01-01 00:30:32,1,1.07,1,N,249,113,1,6,0.5,0.5,1.46,0,0.3,8.76,
2,2019-01-01 00:35:57,2019-01-01 00:47:47,1,1.11,1,N,113,234,2,8.5,0.5,0.5,0,0,0.3,9.8,
2,2019-01-01 00:55:41,2019-01-01 01:04:57,1,.71,1,N,107,90,1,7,0.5,0.5,2.08,0,0.3,10.38,
1,2019-01-01 00:19:47,2019-01-01 00:27:06,1,1.20,1,N,236,140,1,7,0.5,0.5,1.65,0,0.3,9.95,
1,2019-01-01 00:28:58,2019-01-01 00:30:53,1,.30,1,N,140,140,2,3.5,0.5,0.5,0,0,0.3,4.8,
1,2019-01-01 00:32:54,2019-01-01 00:37:24,1,1.10,1,N,140,141,2,5.5,0.5,0.5,0,0,0.3,6.8,
1,2019-01-01 00:38:26,2019-01-01 00:43:20,1,1.10,1,N,236,229,2,6,0.5,0.5,0,0,0.3,7.3,
1,2019-01-01 00:45:10,2019-01-01 00:50:40,1,1.90,1,N,229,262,1,7.5,0.5,0.5,1.76,0,0.3,10.56,
1,2019-01-01 00:51:44,2019-01-01 00:52:46,1,.30,1,N,262,262,1,3,0.5,0.5,0.7,0,0.3,5,
1,2019-01-01 00:57:09,2019-01-01 01:08:23,1,1.90,1,N,140,142,1,9.5,0.5,0.5,2.15,0,0.3,12.95,
2,2019-01-01 00:10:22,2019-01-01 00:18:32,3,1.64,1,N,79,233,1,8,0.5,0.5,1.86,0,0.3,11.16,
2,2019-01-01 00:38:31,2019-01-01 00:58:04,2,2.40,1,N,90,233,1,13.5,0.5,0.5,2.96,0,0.3,17.76,
2,2019-01-01 00:13:43,2019-01-01 00:31:19,1,3.73,1,N,48,236,1,15,0.5,0.5,3.26,0,0.3,19.56,
2,2019-01-01 00:32:53,2019-01-01 00:55:13,1,5.08,1,N,236,114,2,18,0.5,0.5,0,0,0.3,19.3,
2,2019-01-01 00:56:03,2019-01-01 01:04:25,1,1.90,1,N,114,68,1,8.5,0.5,0.5,1,0,0.3,10.8,
2,2019-01-01 00:15:12,2019-01-01 00:21:13,1,1.64,1,N,151,41,1,7,0.5,0.5,2.49,0,0.3,10.79,
2,2019-01-01 00:31:52,2019-01-01 00:53:23,1,6.58,1,N,43,186,1,21.5,0.5,0.5,4.56,0,0.3,27.36,
2,2019-01-01 00:58:11,2019-01-01 01:15:35,1,2.08,1,N,90,48,1,12.5,0.5,0.5,2.76,0,0.3,16.56,
2,2019-01-01 00:11:55,2019-01-01 00:40:53,1,1.03,1,N,163,170,2,16.5,0.5,0.5,0,0,0.3,17.8,
2,2019-01-01 00:45:49,2019-01-01 01:08:31,1,5.81,1,N,164,80,1,21,0.5,0.5,6.69,0,0.3,28.99,
2,2019-01-01 00:14:10,2019-01-01 00:18:59,3,.83,1,N,246,68,1,5.5,0.5,0.5,1.36,0,0.3,8.16,
2,2019-01-01 00:22:09,2019-01-01 00:38:28,3,1.55,1,N,246,48,2,11,0.5,0.5,0,0,0.3,12.3,
2,2019-01-01 00:42:21,2019-01-01 01:08:42,3,2.50,1,N,50,162,1,16.5,0.5,0.5,3.56,0,0.3,21.36,
1,2019-01-01 00:07:34,2019-01-01 00:16:48,1,1.20,1,N,107,170,1,7.5,0.5,0.5,1.75,0,0.3,10.55,
1,2019-01-01 00:19:22,2019-01-01 00:36:08,1,1.20,1,N,170,100,1,11,0.5,0.5,1.5,0,0.3,13.8,
1,2019-01-01 00:55:45,2019-01-01 01:18:33,4,2.80,1,N,68,4,2,16,0.5,0.5,0,0,0.3,17.3,
2,2019-01-01 00:29:56,2019-01-01 00:34:52,1,1.05,1,N,163,162,2,5.5,0.5,0.5,0,0,0.3,6.8,
2,2019-01-01 00:47:05,2019-01-01 01:03:17,2,1.72,1,N,163,100,1,11.5,0.5,0.5,0,0,0.3,12.8,
2,2019-01-01 00:15:34,2019-01-01 00:29:32,1,1.26,1,N,161,164,2,10,0.5,0.5,0,0,0.3,11.3,
2,2019-01-01 00:34:09,2019-01-01 00:39:05,1,.60,1,N,170,234,1,5,0.5,0.5,1.26,0,0.3,7.56,
2,2019-01-01 00:52:43,2019-01-01 01:07:51,1,3.94,1,N,113,52,1,14.5,0.5,0.5,3.16,0,0.3,18.96,
1,2019-01-01 00:13:04,2019-01-01 00:39:24,1,4.00,1,N,43,113,1,18.5,0.5,0.5,3.95,0,0.3,23.75,
1,2019-01-01 00:40:50,2019-01-01 01:07:02,1,3.40,1,N,113,163,1,18,0.5,0.5,5.75,0,0.3,25.05,
2,2019-01-01 00:09:56,2019-01-01 00:41:30,1,8.06,1,N,79,129,2,27.5,0.5,0.5,0,0,0.3,28.8,
2,2019-01-01 00:58:55,2019-01-01 01:22:01,1,6.37,1,N,179,4,1,22,0.5,0.5,4.66,0,0.3,27.96,
2,2019-01-01 00:15:53,2019-01-01 00:41:05,2,3.56,1,N,236,90,1,18,0.5,0.5,2,0,0.3,21.3,
2,2019-01-01 00:55:18,2019-01-01 01:07:32,2,1.65,1,N,249,148,1,10,0.5,0.5,2.26,0,0.3,13.56,
2,2019-01-01 00:30:28,2019-01-01 00:38:05,1,1.54,1,N,75,74,2,7.5,0.5,0.5,0,0,0.3,8.8,
2,2019-01-01 00:27:19,2019-01-01 00:33:55,1,1.56,1,N,260,82,1,7,0.5,0.5,1.66,0,0.3,9.96,
2,2019-01-01 00:45:43,2019-01-01 00:51:00,2,1.53,1,N,226,7,2,6.5,0.5,0.5,0,0,0.3,7.8,
1,2019-01-01 00:21:22,2019-01-01 00:25:06,1,.70,1,N,237,140,2,5,0.5,0.5,0,0,0.3,6.3,
1,2019-01-01 00:37:29,2019-01-01 00:42:38,1,2.00,1,N,75,140,2,7.5,0.5,0.5,0,0,0.3,8.8,
1,2019-01-01 00:46:39,2019-01-01 00:51:55,1,1.20,1,N,141,263,2,6,0.5,0.5,0,0,0.3,7.3,
1,2019-01-01 00:57:28,2019-01-01 01:15:57,1,3.90,1,N,237,249,1,15.5,0.5,0.5,1,0,0.3,17.8,
2,2019-01-01 00:29:23,2019-01-01 00:45:12,4,3.81,1,N,229,41,1,14,0.5,0.5,3.06,0,0.3,18.36,
2,2019-01-01 00:49:54,2019-01-01 00:55:04,3,.79,1,N,151,41,2,5.5,0.5,0.5,0,0,0.3,6.8,
2,2019-01-01 00:59:19,2019-01-01 01:25:59,2,6.38,1,N,166,7,1,22.5,0.5,0.5,8.87,5.76,0.3,38.43,
2,2019-01-01 00:12:30,2019-01-01 00:18:10,5,.93,1,N,236,237,2,6,0.5,0.5,0,0,0.3,7.3,
2,2019-01-01 00:20:28,2019-01-01 00:34:37,6,3.01,1,N,162,79,1,12,0.5,0.5,2.66,0,0.3,15.96,
2,2019-01-01 00:35:57,2019-01-01 01:06:29,5,6.59,1,N,79,74,2,23.5,0.5,0.5,0,0,0.3,24.8,
1,2019-01-01 00:08:32,2019-01-01 00:31:39,2,2.80,1,N,114,68,2,15.5,0.5,0.5,0,0,0.3,16.8,
1,2019-01-01 00:37:25,2019-01-01 00:52:31,2,1.50,1,N,186,163,1,10.5,0.5,0.5,2,0,0.3,13.8,
1,2019-01-01 00:54:15,2019-01-01 01:16:41,4,3.90,1,N,163,144,1,16.5,0.5,0.5,2,0,0.3,19.8,
2,2019-01-01 00:20:55,2019-01-01 01:03:12,3,11.31,1,N,166,181,2,38.5,0.5,0.5,0,0,0.3,39.8,
2,2019-01-01 00:25:06,2019-01-01 00:46:31,1,3.45,1,N,158,48,2,16,0.5,0.5,0,0,0.3,17.3,
2,2019-01-01 00:47:52,2019-01-01 00:55:01,1,.57,1,N,48,48,1,6,0.5,0.5,5,0,0.3,12.3,
1,2019-01-01 00:14:15,2019-01-01 00:33:08,4,2.30,1,N,237,107,2,13,0.5,0.5,0,0,0.3,14.3,
1,2019-01-01 00:55:42,2019-01-01 01:06:27,2,1.90,1,N,236,143,1,9.5,0.5,0.5,2.15,0,0.3,12.95,
2,2019-01-01 00:31:29,2019-01-01 00:33:23,2,.46,1,N,144,231,1,3.5,0.5,0.5,1,0,0.3,5.8,
2,2019-01-01 00:35:46,2019-01-01 01:01:31,2,5.52,1,N,231,263,1,21,0.5,0.5,4.46,0,0.3,26.76,
1,2019-01-01 00:20:14,2019-01-01 00:23:48,1,.90,1,N,137,79,1,5,0.5,0.5,1,0,0.3,7.3,
1,2019-01-01 00:36:52,2019-01-01 00:42:50,1,.70,1,N,137,107,1,5.5,0.5,0.5,1.36,0,0.3,8.16,
1,2019-01-01 00:48:41,2019-01-01 00:58:30,2,1.30,1,N,107,114,1,7.5,0.5,0.5,2.2,0,0.3,11,
1,2019-01-01 00:12:19,2019-01-01 00:16:59,1,1.10,1,N,239,151,2,5.5,0.5,0.5,0,0,0.3,6.8,
1,2019-01-01 00:20:49,2019-01-01 00:34:14,1,3.00,1,N,238,229,1,12,0.5,0.5,2.4,0,0.3,15.7,
1,2019-01-01 00:37:02,2019-01-01 00:38:18,1,.20,1,N,229,233,2,3,0.5,0.5,0,0,0.3,4.3,
1,2019-01-01 00:46:55,2019-01-01 01:05:55,1,2.60,1,N,229,186,2,13,0.5,0.5,0,0,0.3,14.3,
2,2019-01-01 00:31:51,2019-01-01 00:48:22,1,2.14,1,N,164,4,1,11.5,0.5,0.5,3.84,0,0.3,16.64,
2,2019-01-01 00:53:40,2019-01-01 00:57:12,1,.67,1,N,107,137,1,4.5,0.5,0.5,3,0,0.3,8.8,
1,2019-01-01 00:23:33,2019-01-01 00:40:22,4,2.40,1,N,170,144,2,12.5,0.5,0.5,0,0,0.3,13.8,
1,2019-01-01 00:42:28,2019-01-01 00:52:37,4,1.20,1,N,144,249,1,8,0.5,0.5,1.86,0,0.3,11.16,
1,2019-01-01 00:55:05,2019-01-01 01:12:45,2,3.50,1,N,125,25,1,15,0.5,0.5,3.26,0,0.3,19.56,
2,2019-01-01 00:17:34,2019-01-01 00:22:37,1,1.33,1,N,239,142,1,6,0.5,0.5,3.65,0,0.3,10.95,
2,2019-01-01 00:26:02,2019-01-01 00:27:32,1,.68,1,N,143,143,1,4,0.5,0.5,1.59,0,0.3,6.89,
2,2019-01-01 00:30:41,2019-01-01 00:33:38,1,.90,1,N,239,50,1,5,0.5,0.5,1.26,0,0.3,7.56,
2,2019-01-01 00:35:12,2019-01-01 00:45:23,2,2.12,1,N,143,151,1,10,0.5,0.5,2.26,0,0.3,13.56,
2,2019-01-01 00:51:50,2019-01-01 00:59:12,1,1.74,1,N,238,143,2,8,0.5,0.5,0,0,0.3,9.3,
1,2019-01-01 00:13:25,2019-01-01 00:25:36,1,1.90,1,N,148,170,1,10,0.5,0.5,0,0,0.3,11.3,
2,2019-01-01 00:29:32,2019-01-01 00:43:46,1,3.51,1,N,170,232,1,13.5,0.5,0.5,2,0,0.3,16.8,
2,2019-01-01 00:48:05,2019-01-01 01:06:18,1,4.07,1,N,148,37,1,16,0.5,0.5,4.32,0,0.3,21.62,
1,2019-01-01 00:02:08,2019-01-01 00:09:19,3,1.00,1,N,37,36,2,6.5,0,0.5,0,0,0.3,7.3,
1,2019-01-01 00:18:45,2019-01-01 00:38:04,1,4.40,1,N,37,107,1,17,0,0.5,3.55,0,0.3,21.35,
1,2019-01-01 00:46:11,2019-01-01 00:52:21,1,1.30,1,N,107,233,1,6.5,0,0.5,1.8,0,0.3,9.1,
2,2019-01-01 00:07:12,2019-01-01 00:14:19,1,1.62,1,N,114,232,1,7.5,0.5,0.5,1.76,0,0.3,10.56,
2,2019-01-01 00:21:18,2019-01-01 00:29:58,1,4.26,1,N,87,170,1,13.5,0.5,0.5,2.5,0,0.3,17.3,
2,2019-01-01 00:39:06,2019-01-01 00:52:53,1,1.14,1,N,234,170,1,9.5,0.5,0.5,2.16,0,0.3,12.96,
2,2019-01-01 00:34:27,2019-01-01 00:50:36,2,1.88,1,N,232,234,1,11.5,0.5,0.5,2.56,0,0.3,15.36,
2,2019-01-01 00:51:55,2019-01-01 01:08:23,1,2.28,1,N,234,48,1,12,0.5,0.5,2,0,0.3,15.3,
2,2019-01-01 00:10:19,2019-01-01 00:13:18,2,.96,1,N,141,141,2,5,0.5,0.5,0,0,0.3,6.3,
2,2019-01-01 00:17:39,2019-01-01 00:20:53,2,.85,1,N,229,141,2,5,0.5,0.5,0,0,0.3,6.3,
2,2019-01-01 00:21:42,2019-01-01 00:26:08,2,.67,1,N,140,140,1,5,0.5,0.5,1,0,0.3,7.3,
2,2019-01-01 00:28:17,2019-01-01 00:33:26,2,1.35,1,N,140,263,2,6,0.5,0.5,0,0,0.3,7.3,
2,2019-01-01 00:35:48,2019-01-01 00:54:56,2,8.26,1,N,263,33,1,24.5,0.5,0.5,6.45,0,0.3,32.25,
2,2019-01-01 00:17:46,2019-01-01 00:41:11,2,4.41,1,N,158,255,1,18.5,0.5,0.5,3.96,0,0.3,23.76,
2,2019-01-01 00:42:47,2019-01-01 00:56:39,2,2.51,1,N,255,36,1,11,0.5,0.5,3.08,0,0.3,15.38,
2,2019-01-01 00:32:21,2019-01-01 00:51:08,1,1.72,1,N,161,186,2,12.5,0.5,0.5,0,0,0.3,13.8,
2,2019-01-01 00:11:41,2019-01-01 00:17:45,1,1.08,1,N,239,142,1,6,0.5,0.5,1.46,0,0.3,8.76,
2,2019-01-01 00:21:19,2019-01-01 00:42:34,1,5.70,1,N,142,7,2,20,0.5,0.5,0,0,0.3,21.3,
2,2019-01-01 00:54:02,2019-01-01 00:58:58,1,1.06,1,N,237,162,2,5.5,0.5,0.5,0,0,0.3,6.8,
2,2019-01-01 01:00:10,2019-01-01 01:19:56,1,4.27,1,N,162,148,2,17,0.5,0.5,0,0,0.3,18.3,
2,2019-01-01 00:29:55,2019-01-01 00:51:23,2,3.65,1,N,113,141,2,16,0.5,0.5,0,0,0.3,17.3,
2,2019-01-01 00:12:14,2019-01-01 00:16:48,1,1.15,1,N,237,262,2,5.5,0.5,0.5,0,0,0.3,6.8,
2,2019-01-01 00:23:44,2019-01-01 00:28:43,2,1.12,1,N,236,141,1,6,0.5,0.5,1.82,0,0.3,9.12,
2,2019-01-01 00:33:08,2019-01-01 00:38:44,1,1.34,1,N,141,263,1,6.5,0.5,0.5,1.95,0,0.3,9.75,
2,2019-01-01 00:45:20,2019-01-01 00:51:26,1,2.16,1,N,236,74,1,7.5,0.5,0.5,1.76,0,0.3,10.56,
2,2019-01-01 00:22:29,2019-01-01 00:23:59,6,.54,1,N,75,263,2,3.5,0.5,0.5,0,0,0.3,4.8,
2,2019-01-01 00:25:03,2019-01-01 00:38:54,6,3.24,1,N,263,48,2,13,0.5,0.5,0,0,0.3,14.3,
2,2019-01-01 00:41:21,2019-01-01 00:46:29,6,1.35,1,N,48,239,2,6,0.5,0.5,0,0,0.3,7.3,
2,2019-01-01 00:21:31,2019-01-01 00:38:08,4,1.90,1,N,79,233,1,11.5,0.5,0.5,3.2,0,0.3,16,
2,2019-01-01 00:40:26,2019-01-01 00:57:44,3,4.61,1,N,170,151,1,16,0.5,0.5,3,0,0.3,20.3,
2,2019-01-01 00:03:09,2019-01-01 00:31:39,1,4.12,1,N,141,68,2,20,0.5,0.5,0,0,0.3,21.3,
2,2019-01-01 00:33:44,2019-01-01 00:48:11,1,1.66,1,N,100,163,1,10,0.5,0.5,2.26,0,0.3,13.56,
1,2019-01-01 00:37:54,2019-01-01 00:44:54,1,.60,1,N,164,170,1,6,0.5,0.5,1,0,0.3,8.3,
1,2019-01-01 00:49:25,2019-01-01 01:08:52,3,4.00,1,N,162,151,2,16,0.5,0.5,0,0,0.3,17.3,
1,2019-01-01 00:22:53,2019-01-01 00:34:17,2,3.00,1,N,142,166,2,11.5,0.5,0.5,0,0,0.3,12.8,
1,2019-01-01 00:40:07,2019-01-01 01:11:31,3,6.80,1,N,24,107,1,26,0.5,0.5,6.8,0,0.3,34.1,
2,2019-01-01 00:30:47,2019-01-01 00:35:50,1,.64,1,N,107,79,1,5,0.5,0.5,1,0,0.3,7.3,
2,2019-01-01 00:47:37,2019-01-01 01:00:25,1,1.12,1,N,234,161,2,9,0.5,0.5,0,0,0.3,10.3,
2,2019-01-01 00:10:07,2019-01-01 00:20:30,2,2.26,1,N,239,263,2,10,0.5,0.5,0,0,0.3,11.3,
2,2019-01-01 00:23:08,2019-01-01 00:28:16,1,2.11,1,N,263,233,1,7.5,0.5,0.5,1.76,0,0.3,10.56,
2,2019-01-01 00:33:14,2019-01-01 00:52:19,6,9.03,1,N,162,127,1,27,0.5,0.5,5.66,0,0.3,33.96,
2,2019-01-01 00:33:49,2019-01-01 00:42:39,1,2.07,1,N,170,141,1,8.5,0.5,0.5,1.96,0,0.3,11.76,
2,2019-01-01 00:45:41,2019-01-01 00:48:45,1,.96,1,N,263,263,1,5,0.5,0.5,1.1,0,0.3,7.4,
2,2019-01-01 00:49:54,2019-01-01 00:54:45,1,.75,1,N,263,263,1,5,0.5,0.5,1.26,0,0.3,7.56,
2,2019-01-01 01:00:03,2019-01-01 01:04:07,1,.75,1,N,263,141,2,5,0.5,0.5,0,0,0.3,6.3,
1,2019-01-01 00:06:51,2019-01-01 00:09:13,1,.30,1,N,107,107,2,3.5,0.5,0.5,0,0,0.3,4.8,
1,2019-01-01 00:31:23,2019-01-01 00:47:42,3,2.20,1,N,161,140,2,12,0.5,0.5,0,0,0.3,13.3,
1,2019-01-01 00:53:56,2019-01-01 00:59:08,1,.90,1,N,141,229,2,5.5,0.5,0.5,0,0,0.3,6.8,
1,2019-01-01 00:13:23,2019-01-01 00:34:15,2,2.50,1,N,234,237,1,14,0.5,0.5,0,0,0.3,15.3,
1,2019-01-01 00:40:02,2019-01-01 00:46:53,2,1.50,1,N,237,142,2,7,0.5,0.5,0,0,0.3,8.3,
1,2019-01-01 00:49:57,2019-01-01 00:56:19,1,.90,1,N,142,239,1,6.5,0.5,0.5,2.3,0,0.3,10.1,
2,2019-01-01 00:02:11,2019-01-01 00:09:11,2,.74,1,N,113,107,1,6,0.5,0.5,1.46,0,0.3,8.76,
2,2019-01-01 00:16:20,2019-01-01 00:25:05,1,.65,1,N,107,164,1,7,0.5,0.5,1.66,0,0.3,9.96,
2,2019-01-01 00:30:37,2019-01-01 00:34:10,2,.43,1,N,164,234,1,4,0.5,0.5,1,0,0.3,6.3,
2,2019-01-01 00:45:24,2019-01-01 01:05:09,2,2.68,1,N,234,163,1,14,0.5,0.5,3.06,0,0.3,18.36,
2,2019-01-01 00:07:21,2019-01-01 00:22:26,4,2.41,1,N,158,48,2,12.5,0.5,0.5,0,0,0.3,13.8,
2,2019-01-01 00:29:36,2019-01-01 00:56:54,3,4.54,1,N,48,233,1,19.5,0.5,0.5,5.2,0,0.3,26,
2,2019-01-01 00:05:37,2019-01-01 00:14:48,5,1.75,1,N,137,4,1,8.5,0.5,0.5,1,0,0.3,10.8,
2,2019-01-01 00:21:41,2019-01-01 00:30:59,6,2.23,1,N,79,162,1,9,0.5,0.5,1.54,0,0.3,11.84,
2,2019-01-01 00:33:56,2019-01-01 00:38:14,5,1.06,1,N,233,107,1,5,0.5,0.5,1,0,0.3,7.3,
2,2019-01-01 00:40:33,2019-01-01 00:46:59,5,1.11,1,N,107,79,1,6.5,0.5,0.5,1.56,0,0.3,9.36,
2,2019-01-01 00:36:57,2019-01-01 00:48:01,2,2.05,1,N,249,231,2,9.5,0.5,0.5,0,0,0.3,10.8,
2,2019-01-01 00:51:58,2019-01-01 01:15:59,2,3.53,1,N,231,233,1,16.5,0.5,0.5,3.56,0,0.3,21.36,
2,2019-01-01 00:35:19,2019-01-01 01:04:29,3,19.14,1,N,132,66,1,51,0.5,0.5,7,0,0.3,59.3,
1,2019-01-01 00:01:11,2019-01-01 00:03:09,1,.10,5,N,236,43,1,8,0,0,0,0,0.3,8.3,
1,2019-01-01 00:19:44,2019-01-01 00:24:23,1,1.30,1,N,142,239,1,6,0.5,0.5,2.15,0,0.3,9.45,
1,2019-01-01 00:25:53,2019-01-01 00:29:38,1,1.20,1,N,239,151,1,5.5,0.5,0.5,1,0,0.3,7.8,
1,2019-01-01 00:31:48,2019-01-01 00:38:11,1,1.70,1,N,238,166,1,7,0.5,0.5,1.65,0,0.3,9.95,
1,2019-01-01 00:49:17,2019-01-01 00:58:05,1,1.50,1,N,239,263,1,8,0.5,0.5,1,0,0.3,10.3,
2,2019-01-01 00:11:50,2019-01-01 00:22:22,1,1.63,1,N,79,90,1,8.5,0.5,0.5,1,0,0.3,10.8,
2,2019-01-01 00:24:24,2019-01-01 00:42:52,1,2.27,1,N,90,232,1,13,0.5,0.5,3,0,0.3,17.3,
2,2019-01-01 00:47:06,2019-01-01 00:55:32,1,.97,1,N,232,79,1,7,0.5,0.5,1.66,0,0.3,9.96,
1,2019-01-01 00:48:56,2019-01-01 01:04:06,1,4.90,1,N,170,209,1,16,0.5,0.5,3.45,0,0.3,20.75,
2,2019-01-01 00:19:40,2019-01-01 00:29:55,1,2.28,1,N,239,24,1,9.5,0.5,0.5,1.62,0,0.3,12.42,
2,2019-01-01 00:30:59,2019-01-01 00:41:00,1,1.86,1,N,24,143,2,9,0.5,0.5,0,0,0.3,10.3,
2,2019-01-01 00:45:33,2019-01-01 00:55:52,1,2.01,1,N,142,262,2,9.5,0.5,0.5,0,0,0.3,10.8,
2,2019-01-01 00:36:47,2019-01-01 01:10:19,1,6.00,1,N,231,143,1,25.5,0.5,0.5,4.25,0,0.3,31.05,
1,2019-01-01 00:21:09,2019-01-01 00:26:50,1,1.00,1,N,166,24,1,6,0.5,0.5,1.45,0,0.3,8.75,
1,2019-01-01 00:49:30,2019-01-01 00:56:03,1,.90,1,N,24,41,2,6,0.5,0.5,0,0,0.3,7.3,
2,2019-01-01 00:25:42,2019-01-01 00:31:16,1,.57,1,N,186,164,2,5.5,0.5,0.5,0,0,0.3,6.8,
2,2019-01-01 00:32:30,2019-01-01 00:36:02,1,.34,1,N,164,68,2,4,0.5,0.5,0,0,0.3,5.3,
2,2019-01-01 00:48:25,2019-01-01 01:00:03,1,1.17,1,N,186,137,1,9,0.5,0.5,2.06,0,0.3,12.36,
1,2019-01-01 00:12:30,2019-01-01 00:13:56,3,.40,1,N,170,170,1,3.5,0.5,0.5,0.95,0,0.3,5.75,
1,2019-01-01 00:19:40,2019-01-01 00:33:11,1,3.60,1,N,107,217,2,13.5,0.5,0.5,0,0,0.3,14.8,
1,2019-01-01 00:47:56,2019-01-01 01:13:56,1,9.30,1,N,17,7,1,29,0.5,0.5,7.27,0,0.3,37.57,
2,2018-12-31 23:33:52,2018-12-31 23:38:35,1,.74,1,N,113,234,1,5,0.5,0.5,0.94,0,0.3,7.24,
2,2018-12-31 23:44:39,2018-12-31 23:48:20,1,.94,1,N,113,144,1,5,0.5,0.5,1.58,0,0.3,7.88,
2,2019-01-01 00:11:28,2019-01-01 00:25:21,1,6.11,1,N,13,170,1,19.5,0.5,0.5,6.24,0,0.3,27.04,
1,2019-01-01 00:24:40,2019-01-01 00:30:20,1,1.40,1,N,229,141,1,6.5,0.5,0.5,4,0,0.3,11.8,
1,2019-01-01 00:37:46,2019-01-01 00:42:02,2,.70,1,N,43,140,1,5,0.5,0.5,1.5,0,0.3,7.8,
1,2019-01-01 00:43:56,2019-01-01 00:58:08,1,7.30,1,N,140,261,1,21.5,0.5,0.5,3,0,0.3,25.8,
2,2019-01-01 00:12:36,2019-01-01 00:37:50,2,5.48,1,N,237,80,1,20.5,0.5,0.5,2,0,0.3,23.8,
2,2019-01-01 00:46:14,2019-01-01 00:49:06,2,.25,1,N,232,148,1,3.5,0.5,0.5,0.96,0,0.3,5.76,
2,2019-01-01 00:50:28,2019-01-01 01:15:19,2,5.82,1,N,148,239,1,20,0.5,0.5,4.26,0,0.3,25.56,
1,2019-01-01 00:20:10,2019-01-01 00:41:58,1,6.30,1,N,161,88,2,21,0.5,0.5,0,0,0.3,22.3,
1,2019-01-01 00:44:36,2019-01-01 01:22:48,1,7.50,1,N,88,71,1,29,0.5,0.5,7.55,0,0.3,37.85,
2,2019-01-01 00:19:24,2019-01-01 00:23:25,5,.93,1,N,263,141,1,5,0.5,0.5,1.32,0,0.3,10.12,
2,2019-01-01 00:27:12,2019-01-01 00:38:34,5,2.35,1,N,236,238,1,10.5,0.5,0.5,2.86,0,0.3,17.16,
2,2019-01-01 00:44:55,2019-01-01 00:49:57,5,1.13,1,N,238,43,2,6,3,0.5,0,0,0.3,9.8,
2,2019-01-01 00:54:31,2019-01-01 00:58:09,5,1.11,1,N,239,238,2,5.5,0.5,0.5,0,0,0.3,6.8,
2,2019-01-01 00:00:59,2019-01-01 00:33:42,1,17.45,1,N,132,145,2,48.5,0.5,0.5,0,0,0.3,49.8,
2,2019-01-01 00:46:00,2019-01-01 00:48:57,1,.44,1,N,140,229,1,4,0.5,0.5,1.59,0,0.3,6.89,
2,2019-01-01 00:52:37,2019-01-01 01:05:52,1,3.87,1,N,229,226,2,13.5,0.5,0.5,0,0,0.3,14.8,
2,2019-01-01 00:29:26,2019-01-01 00:52:22,2,2.91,1,N,229,143,1,15.5,0.5,0.5,3.86,0,0.3,23.16,
2,2019-01-01 00:54:37,2019-01-01 01:12:48,2,3.40,1,N,143,162,1,14.5,0.5,0.5,5.49,0,0.3,23.79,
1,2019-01-01 00:17:30,2019-01-01 00:33:44,1,2.30,1,N,161,143,1,12.5,0.5,0.5,3.45,0,0.3,17.25,
1,2019-01-01 00:36:34,2019-01-01 00:50:31,1,2.20,1,N,143,151,1,11,0.5,0.5,2.45,0,0.3,14.75,
1,2019-01-01 00:54:43,2019-01-01 01:01:02,1,1.30,1,N,151,166,2,7,0.5,0.5,0,0,0.3,8.3,
2,2019-01-01 00:08:36,2019-01-01 00:28:29,2,3.98,1,N,246,148,2,16,0.5,0.5,0,0,0.3,17.3,
2,2019-01-01 00:29:02,2019-01-01 00:47:26,2,2.64,1,N,148,107,1,13.5,0.5,0.5,2.96,0,0.3,17.76,
2,2019-01-01 00:50:06,2019-01-01 01:04:34,2,5.04,1,N,107,256,1,16.5,0.5,0.5,4.45,0,0.3,22.25,
2,2019-01-01 00:21:33,2019-01-01 00:37:41,3,2.10,1,N,79,233,2,11.5,0.5,0.5,0,0,0.3,12.8,
2,2019-01-01 00:44:35,2019-01-01 00:56:41,2,1.72,1,N,229,164,1,9.5,0.5,0.5,2.16,0,0.3,12.96,
2,2019-01-01 00:12:35,2019-01-01 00:42:29,1,4.12,1,N,148,48,1,20.5,0.5,0.5,4.36,0,0.3,26.16,
2,2019-01-01 00:45:37,2019-01-01 01:13:29,1,3.90,1,N,50,79,1,19,0.5,0.5,1,0,0.3,21.3,
2,2019-01-01 00:19:12,2019-01-01 00:30:16,6,1.53,1,N,170,161,2,8.5,0.5,0.5,0,0,0.3,9.8,
2,2019-01-01 00:35:44,2019-01-01 00:42:17,6,.72,1,N,163,230,2,6,0.5,0.5,0,0,0.3,7.3,
2,2019-01-01 00:44:45,2019-01-01 00:55:19,6,1.77,1,N,161,143,1,9,0.5,0.5,2.06,0,0.3,12.36,
2,2019-01-01 00:01:18,2019-01-01 00:10:08,1,1.39,1,N,79,249,2,7.5,0.5,0.5,0,0,0.3,8.8,
2,2019-01-01 00:21:23,2019-01-01 00:41:18,1,1.83,1,N,158,107,1,13.5,0.5,0.5,2.96,0,0.3,17.76,
2,2019-01-01 00:50:41,2019-01-01 00:54:14,1,.62,1,N,113,114,1,4.5,0.5,0.5,1.16,0,0.3,6.96,
2,2019-01-01 00:12:39,2019-01-01 00:20:51,2,1.41,1,N,43,162,1,7.5,0.5,0.5,3.08,0,0.3,11.88,
2,2019-01-01 00:28:10,2019-01-01 00:56:55,1,4.06,1,N,237,231,1,20,0.5,0.5,3.88,0,0.3,25.18,
2,2019-01-01 00:57:49,2019-01-01 01:08:52,2,1.72,1,N,231,79,1,9.5,0.5,0.5,2.2,0,0.3,13,
1,2019-01-01 00:12:22,2019-01-01 00:21:21,1,2.40,1,N,75,239,2,10,0.5,0.5,0,0,0.3,11.3,
1,2019-01-01 00:23:43,2019-01-01 00:29:10,1,.90,1,N,239,48,1,5.5,0.5,0.5,2,0,0.3,8.8,
1,2019-01-01 00:37:59,2019-01-01 01:07:01,2,2.70,1,N,50,100,2,18,0.5,0.5,0,0,0.3,19.3,
1,2019-01-01 00:08:35,2019-01-01 00:50:49,2,21.70,1,N,132,228,1,60,0.5,0.5,12.25,0,0.3,73.55,
1,2019-01-01 00:25:51,2019-01-01 00:32:41,1,.80,1,N,232,79,1,6.5,0.5,0.5,0,0,0.3,7.8,
1,2019-01-01 00:40:23,2019-01-01 01:03:29,1,2.30,1,N,107,161,1,15,0.5,0.5,3.25,0,0.3,19.55,
1,2019-01-01 00:23:22,2019-01-01 00:43:10,1,2.40,1,N,186,50,1,14,0.5,0.5,3.06,0,0.3,18.36,
1,2019-01-01 00:43:32,2019-01-01 00:51:42,4,1.70,1,N,50,143,1,8,0.5,0.5,1.85,0,0.3,11.15,
1,2019-01-01 00:56:21,2019-01-01 01:02:08,2,1.30,1,N,143,238,1,6.5,0.5,0.5,1.55,0,0.3,9.35,
1,2019-01-01 00:23:40,2019-01-01 00:30:30,1,1.50,1,N,158,246,1,7,0.5,0.5,0.83,0,0.3,9.13,
1,2019-01-01 00:31:22,2019-01-01 00:39:54,1,1.10,1,N,246,164,2,7,0.5,0.5,0,0,0.3,8.3,
2,2019-01-01 00:08:59,2019-01-01 00:11:32,1,.41,1,N,48,246,2,4,0.5,0.5,0,0,0.3,5.3,
2,2019-01-01 00:12:14,2019-01-01 00:23:58,1,3.55,2,N,246,265,1,52,0,0.5,0,10.5,0.3,63.3,
2,2019-01-01 00:39:32,2019-01-01 01:05:16,1,5.88,1,N,125,140,2,22.5,0.5,0.5,0,0,0.3,23.8,
2,2019-01-01 00:21:29,2019-01-01 00:25:48,1,.75,1,N,148,232,2,5,0.5,0.5,0,0,0.3,6.3,
2,2019-01-01 00:35:32,2019-01-01 00:40:38,1,.76,1,N,79,148,1,5.5,0.5,0.5,1.36,0,0.3,8.16,
2,2019-01-01 00:41:54,2019-01-01 00:49:26,1,.68,1,N,148,148,1,6,0.5,0.5,1.46,0,0.3,8.76,
2,2019-01-01 00:50:51,2019-01-01 01:12:16,1,4.18,1,N,148,49,1,17.5,0.5,0.5,3.76,0,0.3,22.56,
1,2019-01-01 00:27:43,2019-01-01 00:37:46,3,1.10,1,N,237,161,2,8,0.5,0.5,0,0,0.3,9.3,
1,2019-01-01 00:38:53,2019-01-01 01:01:24,2,3.50,1,N,161,68,2,16.5,0.5,0.5,0,0,0.3,17.8,
2,2019-01-01 00:09:23,2019-01-01 00:20:57,1,5.07,1,N,132,219,2,16,0.5,0.5,0,0,0.3,17.3,
2,2019-01-01 00:14:29,2019-01-01 00:24:03,2,1.53,1,N,225,61,1,8.5,0.5,0.5,0,0,0.3,9.8,
2,2019-01-01 00:07:47,2019-01-01 00:16:15,2,1.65,1,N,45,249,1,8,0.5,0.5,1,0,0.3,10.3,
2,2019-01-01 00:24:06,2019-01-01 00:56:17,2,11.11,1,N,234,22,1,34,0.5,0.5,7.06,0,0.3,42.36,
2,2018-12-31 23:59:03,2019-01-01 00:11:26,1,1.03,1,N,90,137,1,9,0.5,0.5,5,0,0.3,15.3,
2,2019-01-01 00:14:13,2019-01-01 00:20:48,1,1.25,1,N,137,79,1,6.5,0.5,0.5,1.95,0,0.3,9.75,
2,2019-01-01 00:30:08,2019-01-01 00:40:24,1,2.19,1,N,107,141,1,9.5,0.5,0.5,2.16,0,0.3,12.96,
2,2019-01-01 00:42:35,2019-01-01 00:54:29,1,1.99,1,N,237,75,1,10,0.5,0.5,2.26,0,0.3,13.56,
2,2019-01-01 00:41:11,2019-01-01 00:45:30,1,.81,1,N,125,231,2,5,0.5,0.5,0,0,0.3,6.3,
2,2019-01-01 00:08:40,2019-01-01 00:20:09,2,.80,1,N,170,186,1,8,0.5,0.5,1.86,0,0.3,11.16,
2,2019-01-01 00:29:58,2019-01-01 00:35:44,1,.63,1,N,229,162,1,5.5,0.5,0.5,1.36,0,0.3,8.16,
2,2019-01-01 00:37:17,2019-01-01 00:42:46,1,1.21,1,N,162,141,1,6,0.5,0.5,1.82,0,0.3,9.12,
2,2019-01-01 00:45:57,2019-01-01 00:50:54,1,.93,1,N,236,236,1,5.5,0.5,0.5,1.5,0,0.3,8.3,
2,2019-01-01 00:54:56,2019-01-01 01:00:23,1,.99,1,N,236,239,1,6,0.5,0.5,1.46,0,0.3,8.76,
2,2019-01-01 00:19:44,2019-01-01 00:35:41,1,1.70,1,N,68,107,1,11,0.5,0.5,2.46,0,0.3,14.76,
2,2019-01-01 00:46:43,2019-01-01 00:59:43,1,1.57,1,N,170,68,1,9.5,0.5,0.5,2.7,0,0.3,13.5,
2,2019-01-01 01:00:36,2019-01-01 01:08:13,1,1.79,1,N,68,161,1,7.5,0.5,0.5,1.76,0,0.3,10.56,
1,2019-01-01 00:19:34,2019-01-01 00:44:48,1,3.40,1,N,237,186,2,17.5,0.5,0.5,0,0,0.3,18.8,
1,2019-01-01 00:50:52,2019-01-01 00:57:08,1,.70,1,N,234,170,1,6,0.5,0.5,1.45,0,0.3,8.75,
1,2019-01-01 00:15:31,2019-01-01 00:17:37,1,.40,1,N,186,90,1,3.5,0.5,0.5,1,0,0.3,5.8,
1,2019-01-01 00:49:11,2019-01-01 01:18:33,1,5.00,1,N,68,41,2,21.5,0.5,0.5,0,0,0.3,22.8,
2,2019-01-01 00:13:05,2019-01-01 00:15:49,1,.32,1,N,88,88,2,3.5,0.5,0.5,0,0,0.3,4.8,
2,2019-01-01 00:27:05,2019-01-01 00:41:33,6,5.31,1,N,12,234,2,17.5,0.5,0.5,0,0,0.3,18.8,
2,2019-01-01 00:45:48,2019-01-01 01:32:26,6,14.25,1,N,186,123,1,46.5,0.5,0.5,9.56,0,0.3,57.36,
2,2019-01-01 00:05:01,2019-01-01 00:24:53,1,3.48,1,N,107,236,1,15,0.5,0.5,4.08,0,0.3,20.38,
2,2019-01-01 00:25:58,2019-01-01 00:34:25,1,2.14,1,N,236,74,2,9,0.5,0.5,0,0,0.3,10.3,
2,2019-01-01 00:41:34,2019-01-01 00:47:05,1,1.42,1,N,43,263,1,6.5,0.5,0.5,1.95,0,0.3,9.75,
1,2019-01-01 00:32:08,2019-01-01 01:00:09,1,3.90,1,N,158,239,1,20,0.5,0.5,4.25,0,0.3,25.55,
1,2019-01-01 00:27:04,2019-01-01 00:35:07,3,1.10,1,N,161,233,1,7,0.5,0.5,1.66,0,0.3,9.96,
1,2019-01-01 00:36:48,2019-01-01 01:16:49,2,2.20,1,N,233,48,2,23.5,0.5,0.5,0,0,0.3,24.8,
2,2019-01-01 00:16:15,2019-01-01 00:36:39,1,2.81,1,N,137,43,1,15,0.5,0.5,3.26,0,0.3,19.56,
2,2019-01-01 00:14:20,2019-01-01 00:27:51,2,4.03,1,N,263,79,1,13.5,0.5,0.5,2.96,0,0.3,17.76,
2,2019-01-01 00:31:38,2019-01-01 00:51:54,2,4.12,1,N,79,261,2,15,0.5,0.5,0,0,0.3,16.3,
2,2019-01-01 00:09:00,2019-01-01 00:20:07,1,2.32,1,N,48,239,2,10,0.5,0.5,0,0,0.3,11.3,
2,2019-01-01 00:27:40,2019-01-01 00:36:20,1,2.06,1,N,142,151,1,8.5,0.5,0.5,1.96,0,0.3,11.76,
2,2019-01-01 00:43:03,2019-01-01 00:51:28,1,1.18,1,N,238,239,1,7.5,0.5,0.5,2.2,0,0.3,11,
2,2019-01-01 00:55:06,2019-01-01 01:16:41,1,9.28,1,N,142,220,2,27.5,0.5,0.5,0,5.28,0.3,34.08,
2,2019-01-01 00:34:02,2019-01-01 00:37:36,1,.83,1,N,143,239,2,4.5,0.5,0.5,0,0,0.3,5.8,
2,2019-01-01 00:39:38,2019-01-01 00:51:53,1,1.85,1,N,239,141,1,10,0.5,0.5,2.26,0,0.3,13.56,
2,2019-01-01 00:14:04,2019-01-01 00:15:38,1,.47,1,N,79,79,1,3.5,0.5,0.5,0.96,0,0.3,5.76,
2,2019-01-01 00:18:29,2019-01-01 00:29:31,1,1.76,1,N,79,170,1,9,0.5,0.5,2.06,0,0.3,12.36,
2,2019-01-01 00:38:59,2019-01-01 01:01:43,1,2.49,1,N,162,50,1,15,0.5,0.5,3.26,0,0.3,19.56,
2,2019-01-01 00:43:42,2019-01-01 00:53:25,1,.49,1,N,234,90,2,7.5,0.5,0.5,0,0,0.3,8.8,
2,2019-01-01 00:46:23,2019-01-01 01:26:52,1,5.07,1,N,161,87,2,26,0.5,0.5,0,0,0.3,27.3,
2,2018-12-31 23:58:17,2019-01-01 00:26:45,2,2.70,1,N,161,68,1,17.5,0.5,0.5,10,0,0.3,28.8,
2,2019-01-01 00:31:36,2019-01-01 00:46:15,2,3.20,1,N,158,87,1,12.5,0.5,0.5,3.45,0,0.3,17.25,
2,2019-01-01 00:46:54,2019-01-01 01:00:04,2,2.76,1,N,87,90,1,11.5,0.5,0.5,1,0,0.3,13.8,
4,2019-01-01 00:01:44,2019-01-01 00:05:00,1,.60,1,N,41,41,2,4.5,0.5,0.5,0,0,0.3,5.8,
4,2019-01-01 00:11:01,2019-01-01 00:17:05,1,.90,1,N,24,41,2,6,0.5,0.5,0,0,0.3,7.3,
4,2019-01-01 00:22:25,2019-01-01 00:32:56,1,2.38,1,N,166,116,1,10,0.5,0.5,3.39,0,0.3,14.69,
4,2019-01-01 00:37:27,2019-01-01 00:41:31,1,.89,1,N,116,152,2,5,0.5,0.5,0,0,0.3,6.3,
4,2019-01-01 00:47:40,2019-01-01 00:55:43,1,1.87,1,N,41,239,1,8.5,0.5,0.5,1.96,0,0.3,11.76,
4,2019-01-01 00:58:54,2019-01-01 01:08:36,1,2.36,1,N,239,50,1,10.5,0.5,0.5,2.36,0,0.3,14.16,
2,2019-01-01 00:51:37,2019-01-01 01:04:03,2,1.58,1,N,161,137,1,9.5,0.5,0.5,2.16,0,0.3,12.96,
1,2019-01-01 00:32:08,2019-01-01 00:41:16,1,1.60,1,N,148,249,2,8.5,0.5,0.5,0,0,0.3,9.8,
1,2019-01-01 00:43:12,2019-01-01 00:56:49,2,1.70,1,N,249,4,2,10,0.5,0.5,0,0,0.3,11.3,
1,2019-01-01 00:58:57,2019-01-01 01:39:05,1,6.30,1,N,4,37,1,27.5,0.5,0.5,0,0,0.3,28.8,
2,2019-01-01 00:49:15,2019-01-01 00:50:57,1,.25,1,N,223,223,2,3,0.5,0.5,0,0,0.3,4.3,
1,2019-01-01 00:33:56,2019-01-01 00:53:12,2,2.00,1,N,142,90,1,13,0.5,0.5,0,0,0.3,14.3,
1,2019-01-01 00:28:43,2019-01-01 00:34:08,2,.30,1,N,137,164,1,5,0.5,0.5,1.25,0,0.3,7.55,
1,2019-01-01 00:42:54,2019-01-01 00:57:43,1,2.00,1,N,170,148,2,10.5,0.5,0.5,0,0,0.3,11.8,
1,2019-01-01 00:58:16,2019-01-01 01:09:51,2,3.60,1,N,148,112,2,13,0.5,0.5,0,0,0.3,14.3,
1,2019-01-01 00:19:10,2019-01-01 00:25:29,1,1.00,1,N,166,116,2,6.5,0.5,0.5,0,0,0.3,7.8,
1,2019-01-01 00:42:36,2019-01-01 01:12:07,1,5.60,1,N,239,249,1,23,0.5,0.5,4.85,0,0.3,29.15,
2,2019-01-01 00:21:02,2019-01-01 00:48:29,1,5.98,1,N,246,40,1,22,0.5,0.5,4.66,0,0.3,27.96,
2,2019-01-01 00:59:03,2019-01-01 01:36:37,1,7.68,1,N,52,229,1,31,0.5,0.5,6.46,0,0.3,40.71,
2,2019-01-01 00:24:07,2019-01-01 00:30:07,1,.88,1,N,239,143,2,6,0.5,0.5,0,0,0.3,7.3,
2,2019-01-01 00:33:16,2019-01-01 00:37:37,1,1.08,1,N,239,238,1,5.5,0.5,0.5,1.36,0,0.3,8.16,
2,2019-01-01 00:39:24,2019-01-01 00:47:57,1,1.35,1,N,238,75,1,7.5,0.5,0.5,1,0,0.3,9.8,
2,2019-01-01 00:54:20,2019-01-01 01:00:31,1,1.07,1,N,263,43,2,6.5,0.5,0.5,0,0,0.3,7.8,
2,2019-01-01 00:33:32,2019-01-01 00:44:29,2,1.68,1,N,144,249,1,9,0.5,0.5,2.06,0,0.3,12.36,
2,2019-01-01 00:46:27,2019-01-01 00:55:59,2,1.99,1,N,249,13,1,9,0.5,0.5,2.06,0,0.3,12.36,
